,0,1,2,3
0,-450.0,3900.0,-25.0,0.0
1,-450.0,3925.0,-25.0,0.0
2,-450.0,3950.0,-25.0,0.0
3,-450.0,3975.0,-25.0,0.0
4,-450.0,4000.0,-25.0,0.0
5,-450.0,4025.0,-25.0,0.0
6,-450.0,4050.0,-25.0,0.0
7,-450.0,4075.0,-25.0,0.0
8,-450.0,4100.0,-25.0,0.0
9,-450.0,4125.0,-25.0,0.0
10,-450.0,4150.0,-25.0,0.0
11,-450.0,4175.0,-25.0,0.0
12,-450.0,4200.0,-25.0,0.0
13,-450.0,4225.0,-25.0,0.0
14,-450.0,4250.0,-25.0,0.0
15,-450.0,4275.0,-25.0,0.0
16,-450.0,4300.0,-25.0,0.0
17,-450.0,4325.0,-25.0,0.0
18,-450.0,4350.0,-25.0,0.0
19,-450.0,4375.0,-25.0,0.0
20,-450.0,4400.0,-25.0,0.0
21,-450.0,4425.0,-25.0,0.0
22,-450.0,4450.0,-25.0,0.0
23,-450.0,4475.0,-25.0,0.0
24,-450.0,4500.0,-25.0,0.0
25,-450.0,4525.0,-25.0,0.0
26,-450.0,4550.0,-25.0,0.0
27,-450.0,4575.0,-25.0,0.0
28,-450.0,4600.0,-25.0,0.0
29,-450.0,4625.0,-25.0,0.0
30,-450.0,4650.0,-25.0,0.0
31,-450.0,4675.0,-25.0,0.0
32,-450.0,4700.0,-25.0,0.0
33,-450.0,4725.0,-25.0,0.0
34,-450.0,4750.0,-25.0,0.0
35,-450.0,4775.0,-25.0,0.0
36,-450.0,4800.0,-25.0,0.0
37,-450.0,4825.0,-25.0,0.0
38,-450.0,4850.0,-25.0,0.0
39,-450.0,4875.0,-25.0,0.0
40,-450.0,4900.0,-25.0,0.0
41,-450.0,4925.0,-25.0,0.0
42,-450.0,4950.0,-25.0,0.0
43,-450.0,4975.0,-25.0,0.0
44,-450.0,5000.0,-25.0,0.0
45,-450.0,5025.0,-25.0,0.0
46,-450.0,5050.0,-25.0,0.0
47,-450.0,5075.0,-25.0,0.0
48,-450.0,5100.0,-25.0,0.0
49,-450.0,5125.0,-25.0,0.0
50,-450.0,5150.0,-25.0,0.0
51,-450.0,5175.0,-25.0,0.0
52,-450.0,5200.0,-25.0,0.0
53,-450.0,5225.0,-25.0,0.0
54,-450.0,5250.0,-25.0,0.0
55,-450.0,5275.0,-25.0,0.0
56,-450.0,5300.0,-25.0,0.0
57,-450.0,5325.0,-25.0,0.0
58,-425.0,3900.0,-25.0,0.0
59,-425.0,3925.0,-25.0,0.0
60,-425.0,3950.0,-25.0,0.0
61,-425.0,3975.0,-25.0,0.0
62,-425.0,4000.0,-25.0,0.0
63,-425.0,4025.0,-25.0,0.0
64,-425.0,4050.0,-25.0,0.0
65,-425.0,4075.0,-25.0,0.0
66,-425.0,4100.0,-25.0,0.0
67,-425.0,4125.0,-25.0,0.0
68,-425.0,4150.0,-25.0,0.0
69,-425.0,4175.0,-25.0,0.0
70,-425.0,4200.0,-25.0,0.0
71,-425.0,4225.0,-25.0,0.0
72,-425.0,4250.0,-25.0,0.0
73,-425.0,4275.0,-25.0,0.0
74,-425.0,4300.0,-25.0,0.0
75,-425.0,4325.0,-25.0,0.0
76,-425.0,4350.0,-25.0,0.0
77,-425.0,4375.0,-25.0,0.0
78,-425.0,4400.0,-25.0,0.0
79,-425.0,4425.0,-25.0,0.0
80,-425.0,4450.0,-25.0,0.0
81,-425.0,4475.0,-25.0,0.0
82,-425.0,4500.0,-25.0,0.0
83,-425.0,4525.0,-25.0,0.0
84,-425.0,4550.0,-25.0,0.0
85,-425.0,4575.0,-25.0,0.0
86,-425.0,4600.0,-25.0,0.0
87,-425.0,4625.0,-25.0,0.0
88,-425.0,4650.0,-25.0,0.0
89,-425.0,4675.0,-25.0,0.0
90,-425.0,4700.0,-25.0,0.0
91,-425.0,4725.0,-25.0,0.0
92,-425.0,4750.0,-25.0,0.0
93,-425.0,4775.0,-25.0,0.0
94,-425.0,4800.0,-25.0,0.0
95,-425.0,4825.0,-25.0,0.0
96,-425.0,4850.0,-25.0,0.0
97,-425.0,4875.0,-25.0,0.0
98,-425.0,4900.0,-25.0,0.0
99,-425.0,4925.0,-25.0,0.0
100,-425.0,4950.0,-25.0,0.0
101,-425.0,4975.0,-25.0,0.0
102,-425.0,5000.0,-25.0,0.0
103,-425.0,5025.0,-25.0,0.0
104,-425.0,5050.0,-25.0,0.0
105,-425.0,5075.0,-25.0,0.0
106,-425.0,5100.0,-25.0,0.0
107,-425.0,5125.0,-25.0,0.0
108,-425.0,5150.0,-25.0,0.0
109,-425.0,5175.0,-25.0,0.0
110,-425.0,5200.0,-25.0,0.0
111,-425.0,5225.0,-25.0,0.0
112,-425.0,5250.0,-25.0,0.0
113,-425.0,5275.0,-25.0,0.0
114,-425.0,5300.0,-25.0,0.0
115,-425.0,5325.0,-25.0,0.0
116,-400.0,3900.0,-25.0,0.0
117,-400.0,3925.0,-25.0,0.0
118,-400.0,3950.0,-25.0,0.0
119,-400.0,3975.0,-25.0,0.0
120,-400.0,4000.0,-25.0,0.0
121,-400.0,4025.0,-25.0,0.0
122,-400.0,4050.0,-25.0,0.0
123,-400.0,4075.0,-25.0,0.0
124,-400.0,4100.0,-25.0,0.0
125,-400.0,4125.0,-25.0,0.0
126,-400.0,4150.0,-25.0,0.0
127,-400.0,4175.0,-25.0,0.0
128,-400.0,4200.0,-25.0,0.0
129,-400.0,4225.0,-25.0,0.0
130,-400.0,4250.0,-25.0,0.0
131,-400.0,4275.0,-25.0,0.0
132,-400.0,4300.0,-25.0,0.0
133,-400.0,4325.0,-25.0,0.0
134,-400.0,4350.0,-25.0,0.0
135,-400.0,4375.0,-25.0,0.0
136,-400.0,4400.0,-25.0,0.0
137,-400.0,4425.0,-25.0,0.0
138,-400.0,4450.0,-25.0,0.0
139,-400.0,4475.0,-25.0,0.0
140,-400.0,4500.0,-25.0,0.0
141,-400.0,4525.0,-25.0,0.0
142,-400.0,4550.0,-25.0,0.0
143,-400.0,4575.0,-25.0,0.0
144,-400.0,4600.0,-25.0,0.0
145,-400.0,4625.0,-25.0,0.0
146,-400.0,4650.0,-25.0,0.0
147,-400.0,4675.0,-25.0,0.0
148,-400.0,4700.0,-25.0,0.0
149,-400.0,4725.0,-25.0,0.0
150,-400.0,4750.0,-25.0,0.0
151,-400.0,4775.0,-25.0,0.0
152,-400.0,4800.0,-25.0,0.0
153,-400.0,4825.0,-25.0,0.0
154,-400.0,4850.0,-25.0,0.0
155,-400.0,4875.0,-25.0,0.0
156,-400.0,4900.0,-25.0,0.0
157,-400.0,4925.0,-25.0,0.0
158,-400.0,4950.0,-25.0,0.0
159,-400.0,4975.0,-25.0,0.0
160,-400.0,5000.0,-25.0,0.0
161,-400.0,5025.0,-25.0,0.0
162,-400.0,5050.0,-25.0,0.0
163,-400.0,5075.0,-25.0,0.0
164,-400.0,5100.0,-25.0,0.0
165,-400.0,5125.0,-25.0,0.0
166,-400.0,5150.0,-25.0,0.0
167,-400.0,5175.0,-25.0,0.0
168,-400.0,5200.0,-25.0,0.0
169,-400.0,5225.0,-25.0,0.0
170,-400.0,5250.0,-25.0,0.0
171,-400.0,5275.0,-25.0,0.0
172,-400.0,5300.0,-25.0,0.0
173,-400.0,5325.0,-25.0,0.0
174,-375.0,3900.0,-25.0,0.0
175,-375.0,3925.0,-25.0,0.0
176,-375.0,3950.0,-25.0,0.0
177,-375.0,3975.0,-25.0,0.0
178,-375.0,4000.0,-25.0,0.0
179,-375.0,4025.0,-25.0,0.0
180,-375.0,4050.0,-25.0,0.0
181,-375.0,4075.0,-25.0,0.0
182,-375.0,4100.0,-25.0,0.0
183,-375.0,4125.0,-25.0,0.0
184,-375.0,4150.0,-25.0,0.0
185,-375.0,4175.0,-25.0,0.0
186,-375.0,4200.0,-25.0,0.0
187,-375.0,4225.0,-25.0,0.0
188,-375.0,4250.0,-25.0,0.0
189,-375.0,4275.0,-25.0,0.0
190,-375.0,4300.0,-25.0,0.0
191,-375.0,4325.0,-25.0,0.0
192,-375.0,4350.0,-25.0,0.0
193,-375.0,4375.0,-25.0,0.0
194,-375.0,4400.0,-25.0,0.0
195,-375.0,4425.0,-25.0,0.0
196,-375.0,4450.0,-25.0,0.0
197,-375.0,4475.0,-25.0,0.0
198,-375.0,4500.0,-25.0,0.0
199,-375.0,4525.0,-25.0,0.0
200,-375.0,4550.0,-25.0,0.0
201,-375.0,4575.0,-25.0,0.0
202,-375.0,4600.0,-25.0,0.0
203,-375.0,4625.0,-25.0,0.0
204,-375.0,4650.0,-25.0,0.0
205,-375.0,4675.0,-25.0,0.0
206,-375.0,4700.0,-25.0,0.0
207,-375.0,4725.0,-25.0,0.0
208,-375.0,4750.0,-25.0,0.0
209,-375.0,4775.0,-25.0,0.0
210,-375.0,4800.0,-25.0,0.0
211,-375.0,4825.0,-25.0,0.0
212,-375.0,4850.0,-25.0,0.0
213,-375.0,4875.0,-25.0,0.0
214,-375.0,4900.0,-25.0,0.0
215,-375.0,4925.0,-25.0,0.0
216,-375.0,4950.0,-25.0,0.0
217,-375.0,4975.0,-25.0,0.0
218,-375.0,5000.0,-25.0,0.0
219,-375.0,5025.0,-25.0,0.0
220,-375.0,5050.0,-25.0,0.0
221,-375.0,5075.0,-25.0,0.0
222,-375.0,5100.0,-25.0,0.0
223,-375.0,5125.0,-25.0,0.0
224,-375.0,5150.0,-25.0,0.0
225,-375.0,5175.0,-25.0,0.0
226,-375.0,5200.0,-25.0,0.0
227,-375.0,5225.0,-25.0,0.0
228,-375.0,5250.0,-25.0,0.0
229,-375.0,5275.0,-25.0,0.0
230,-375.0,5300.0,-25.0,0.0
231,-375.0,5325.0,-25.0,0.0
232,-350.0,3900.0,-25.0,0.0
233,-350.0,3925.0,-25.0,0.0
234,-350.0,3950.0,-25.0,0.0
235,-350.0,3975.0,-25.0,0.0
236,-350.0,4000.0,-25.0,0.0
237,-350.0,4025.0,-25.0,0.0
238,-350.0,4050.0,-25.0,0.0
239,-350.0,4075.0,-25.0,0.0
240,-350.0,4100.0,-25.0,0.0
241,-350.0,4125.0,-25.0,0.0
242,-350.0,4150.0,-25.0,0.0
243,-350.0,4175.0,-25.0,0.0
244,-350.0,4200.0,-25.0,0.0
245,-350.0,4225.0,-25.0,0.0
246,-350.0,4250.0,-25.0,0.0
247,-350.0,4275.0,-25.0,0.0
248,-350.0,4300.0,-25.0,0.0
249,-350.0,4325.0,-25.0,0.0
250,-350.0,4350.0,-25.0,0.0
251,-350.0,4375.0,-25.0,0.0
252,-350.0,4400.0,-25.0,0.0
253,-350.0,4425.0,-25.0,0.0
254,-350.0,4450.0,-25.0,0.0
255,-350.0,4475.0,-25.0,0.0
256,-350.0,4500.0,-25.0,0.0
257,-350.0,4525.0,-25.0,0.0
258,-350.0,4550.0,-25.0,0.0
259,-350.0,4575.0,-25.0,0.0
260,-350.0,4600.0,-25.0,0.0
261,-350.0,4625.0,-25.0,0.0
262,-350.0,4650.0,-25.0,0.0
263,-350.0,4675.0,-25.0,0.0
264,-350.0,4700.0,-25.0,0.0
265,-350.0,4725.0,-25.0,0.0
266,-350.0,4750.0,-25.0,0.0
267,-350.0,4775.0,-25.0,0.0
268,-350.0,4800.0,-25.0,0.0
269,-350.0,4825.0,-25.0,0.0
270,-350.0,4850.0,-25.0,0.0
271,-350.0,4875.0,-25.0,0.0
272,-350.0,4900.0,-25.0,0.0
273,-350.0,4925.0,-25.0,0.0
274,-350.0,4950.0,-25.0,0.0
275,-350.0,4975.0,-25.0,0.0
276,-350.0,5000.0,-25.0,0.0
277,-350.0,5025.0,-25.0,0.0
278,-350.0,5050.0,-25.0,0.0
279,-350.0,5075.0,-25.0,0.0
280,-350.0,5100.0,-25.0,0.0
281,-350.0,5125.0,-25.0,0.0
282,-350.0,5150.0,-25.0,0.0
283,-350.0,5175.0,-25.0,0.0
284,-350.0,5200.0,-25.0,0.0
285,-350.0,5225.0,-25.0,0.0
286,-350.0,5250.0,-25.0,0.0
287,-350.0,5275.0,-25.0,0.0
288,-350.0,5300.0,-25.0,0.0
289,-350.0,5325.0,-25.0,0.0
290,-325.0,3900.0,-25.0,0.0
291,-325.0,3925.0,-25.0,0.0
292,-325.0,3950.0,-25.0,0.0
293,-325.0,3975.0,-25.0,0.0
294,-325.0,4000.0,-25.0,0.0
295,-325.0,4025.0,-25.0,0.0
296,-325.0,4050.0,-25.0,0.0
297,-325.0,4075.0,-25.0,0.0
298,-325.0,4100.0,-25.0,0.0
299,-325.0,4125.0,-25.0,0.0
300,-325.0,4150.0,-25.0,0.0
301,-325.0,4175.0,-25.0,0.0
302,-325.0,4200.0,-25.0,0.0
303,-325.0,4225.0,-25.0,0.0
304,-325.0,4250.0,-25.0,0.0
305,-325.0,4275.0,-25.0,0.0
306,-325.0,4300.0,-25.0,0.0
307,-325.0,4325.0,-25.0,0.0
308,-325.0,4350.0,-25.0,0.0
309,-325.0,4375.0,-25.0,0.0
310,-325.0,4400.0,-25.0,0.0
311,-325.0,4425.0,-25.0,0.0
312,-325.0,4450.0,-25.0,0.0
313,-325.0,4475.0,-25.0,0.0
314,-325.0,4500.0,-25.0,0.0
315,-325.0,4525.0,-25.0,0.0
316,-325.0,4550.0,-25.0,0.0
317,-325.0,4575.0,-25.0,0.0
318,-325.0,4600.0,-25.0,0.0
319,-325.0,4625.0,-25.0,0.0
320,-325.0,4650.0,-25.0,0.0
321,-325.0,4675.0,-25.0,0.0
322,-325.0,4700.0,-25.0,0.0
323,-325.0,4725.0,-25.0,0.0
324,-325.0,4750.0,-25.0,0.0
325,-325.0,4775.0,-25.0,0.0
326,-325.0,4800.0,-25.0,0.0
327,-325.0,4825.0,-25.0,0.0
328,-325.0,4850.0,-25.0,0.0
329,-325.0,4875.0,-25.0,0.0
330,-325.0,4900.0,-25.0,0.0
331,-325.0,4925.0,-25.0,0.0
332,-325.0,4950.0,-25.0,0.0
333,-325.0,4975.0,-25.0,0.0
334,-325.0,5000.0,-25.0,0.0
335,-325.0,5025.0,-25.0,0.0
336,-325.0,5050.0,-25.0,0.0
337,-325.0,5075.0,-25.0,0.0
338,-325.0,5100.0,-25.0,0.0
339,-325.0,5125.0,-25.0,0.0
340,-325.0,5150.0,-25.0,0.0
341,-325.0,5175.0,-25.0,0.0
342,-325.0,5200.0,-25.0,0.0
343,-325.0,5225.0,-25.0,0.0
344,-325.0,5250.0,-25.0,0.0
345,-325.0,5275.0,-25.0,0.0
346,-325.0,5300.0,-25.0,0.0
347,-325.0,5325.0,-25.0,0.0
348,-300.0,3900.0,-25.0,0.0
349,-300.0,3925.0,-25.0,0.0
350,-300.0,3950.0,-25.0,0.0
351,-300.0,3975.0,-25.0,0.0
352,-300.0,4000.0,-25.0,0.0
353,-300.0,4025.0,-25.0,0.0
354,-300.0,4050.0,-25.0,0.0
355,-300.0,4075.0,-25.0,0.0
356,-300.0,4100.0,-25.0,0.0
357,-300.0,4125.0,-25.0,0.0
358,-300.0,4150.0,-25.0,0.0
359,-300.0,4175.0,-25.0,0.0
360,-300.0,4200.0,-25.0,0.0
361,-300.0,4225.0,-25.0,0.0
362,-300.0,4250.0,-25.0,0.0
363,-300.0,4275.0,-25.0,0.0
364,-300.0,4300.0,-25.0,0.0
365,-300.0,4325.0,-25.0,0.0
366,-300.0,4350.0,-25.0,0.0
367,-300.0,4375.0,-25.0,0.0
368,-300.0,4400.0,-25.0,0.0
369,-300.0,4425.0,-25.0,0.0
370,-300.0,4450.0,-25.0,0.0
371,-300.0,4475.0,-25.0,0.0
372,-300.0,4500.0,-25.0,0.0
373,-300.0,4525.0,-25.0,0.0
374,-300.0,4550.0,-25.0,0.0
375,-300.0,4575.0,-25.0,0.0
376,-300.0,4600.0,-25.0,0.0
377,-300.0,4625.0,-25.0,0.0
378,-300.0,4650.0,-25.0,0.0
379,-300.0,4675.0,-25.0,0.0
380,-300.0,4700.0,-25.0,0.0
381,-300.0,4725.0,-25.0,0.0
382,-300.0,4750.0,-25.0,0.0
383,-300.0,4775.0,-25.0,0.0
384,-300.0,4800.0,-25.0,0.0
385,-300.0,4825.0,-25.0,0.0
386,-300.0,4850.0,-25.0,0.0
387,-300.0,4875.0,-25.0,0.0
388,-300.0,4900.0,-25.0,0.0
389,-300.0,4925.0,-25.0,0.0
390,-300.0,4950.0,-25.0,0.0
391,-300.0,4975.0,-25.0,0.0
392,-300.0,5000.0,-25.0,0.0
393,-300.0,5025.0,-25.0,0.0
394,-300.0,5050.0,-25.0,0.0
395,-300.0,5075.0,-25.0,0.0
396,-300.0,5100.0,-25.0,0.0
397,-300.0,5125.0,-25.0,0.0
398,-300.0,5150.0,-25.0,0.0
399,-300.0,5175.0,-25.0,0.0
400,-300.0,5200.0,-25.0,0.0
401,-300.0,5225.0,-25.0,0.0
402,-300.0,5250.0,-25.0,0.0
403,-300.0,5275.0,-25.0,0.0
404,-300.0,5300.0,-25.0,0.0
405,-300.0,5325.0,-25.0,0.0
406,-275.0,3900.0,-25.0,0.0
407,-275.0,3925.0,-25.0,0.0
408,-275.0,3950.0,-25.0,0.0
409,-275.0,3975.0,-25.0,0.0
410,-275.0,4000.0,-25.0,0.0
411,-275.0,4025.0,-25.0,0.0
412,-275.0,4050.0,-25.0,0.0
413,-275.0,4075.0,-25.0,0.0
414,-275.0,4100.0,-25.0,0.0
415,-275.0,4125.0,-25.0,0.0
416,-275.0,4150.0,-25.0,0.0
417,-275.0,4175.0,-25.0,0.0
418,-275.0,4200.0,-25.0,0.0
419,-275.0,4225.0,-25.0,0.0
420,-275.0,4250.0,-25.0,0.0
421,-275.0,4275.0,-25.0,0.0
422,-275.0,4300.0,-25.0,0.0
423,-275.0,4325.0,-25.0,0.0
424,-275.0,4350.0,-25.0,0.0
425,-275.0,4375.0,-25.0,0.0
426,-275.0,4400.0,-25.0,0.0
427,-275.0,4425.0,-25.0,0.0
428,-275.0,4450.0,-25.0,0.0
429,-275.0,4475.0,-25.0,0.0
430,-275.0,4500.0,-25.0,0.0
431,-275.0,4525.0,-25.0,0.0
432,-275.0,4550.0,-25.0,0.0
433,-275.0,4575.0,-25.0,0.0
434,-275.0,4600.0,-25.0,0.0
435,-275.0,4625.0,-25.0,0.0
436,-275.0,4650.0,-25.0,0.0
437,-275.0,4675.0,-25.0,0.0
438,-275.0,4700.0,-25.0,0.0
439,-275.0,4725.0,-25.0,0.0
440,-275.0,4750.0,-25.0,0.0
441,-275.0,4775.0,-25.0,0.0
442,-275.0,4800.0,-25.0,0.0
443,-275.0,4825.0,-25.0,0.0
444,-275.0,4850.0,-25.0,0.0
445,-275.0,4875.0,-25.0,0.0
446,-275.0,4900.0,-25.0,0.0
447,-275.0,4925.0,-25.0,0.0
448,-275.0,4950.0,-25.0,0.0
449,-275.0,4975.0,-25.0,0.0
450,-275.0,5000.0,-25.0,0.0
451,-275.0,5025.0,-25.0,0.0
452,-275.0,5050.0,-25.0,0.0
453,-275.0,5075.0,-25.0,0.0
454,-275.0,5100.0,-25.0,0.0
455,-275.0,5125.0,-25.0,0.0
456,-275.0,5150.0,-25.0,0.0
457,-275.0,5175.0,-25.0,0.0
458,-275.0,5200.0,-25.0,0.0
459,-275.0,5225.0,-25.0,0.0
460,-275.0,5250.0,-25.0,0.0
461,-275.0,5275.0,-25.0,0.0
462,-275.0,5300.0,-25.0,0.0
463,-275.0,5325.0,-25.0,0.0
464,-250.0,3900.0,-25.0,0.0
465,-250.0,3925.0,-25.0,0.0
466,-250.0,3950.0,-25.0,0.0
467,-250.0,3975.0,-25.0,0.0
468,-250.0,4000.0,-25.0,0.0
469,-250.0,4025.0,-25.0,0.0
470,-250.0,4050.0,-25.0,0.0
471,-250.0,4075.0,-25.0,0.0
472,-250.0,4100.0,-25.0,0.0
473,-250.0,4125.0,-25.0,0.0
474,-250.0,4150.0,-25.0,0.0
475,-250.0,4175.0,-25.0,0.0
476,-250.0,4200.0,-25.0,0.0
477,-250.0,4225.0,-25.0,0.0
478,-250.0,4250.0,-25.0,0.0
479,-250.0,4275.0,-25.0,0.0
480,-250.0,4300.0,-25.0,0.0
481,-250.0,4325.0,-25.0,0.0
482,-250.0,4350.0,-25.0,0.0
483,-250.0,4375.0,-25.0,0.0
484,-250.0,4400.0,-25.0,0.0
485,-250.0,4425.0,-25.0,0.0
486,-250.0,4450.0,-25.0,0.0
487,-250.0,4475.0,-25.0,0.0
488,-250.0,4500.0,-25.0,0.0
489,-250.0,4525.0,-25.0,0.0
490,-250.0,4550.0,-25.0,0.0
491,-250.0,4575.0,-25.0,0.0
492,-250.0,4600.0,-25.0,0.0
493,-250.0,4625.0,-25.0,0.0
494,-250.0,4650.0,-25.0,0.0
495,-250.0,4675.0,-25.0,0.0
496,-250.0,4700.0,-25.0,0.0
497,-250.0,4725.0,-25.0,0.0
498,-250.0,4750.0,-25.0,0.0
499,-250.0,4775.0,-25.0,0.0
500,-250.0,4800.0,-25.0,0.0
501,-250.0,4825.0,-25.0,0.0
502,-250.0,4850.0,-25.0,0.0
503,-250.0,4875.0,-25.0,0.0
504,-250.0,4900.0,-25.0,0.0
505,-250.0,4925.0,-25.0,0.0
506,-250.0,4950.0,-25.0,0.0
507,-250.0,4975.0,-25.0,0.0
508,-250.0,5000.0,-25.0,0.0
509,-250.0,5025.0,-25.0,0.0
510,-250.0,5050.0,-25.0,0.0
511,-250.0,5075.0,-25.0,0.0
512,-250.0,5100.0,-25.0,0.0
513,-250.0,5125.0,-25.0,0.0
514,-250.0,5150.0,-25.0,0.0
515,-250.0,5175.0,-25.0,0.0
516,-250.0,5200.0,-25.0,0.0
517,-250.0,5225.0,-25.0,0.0
518,-250.0,5250.0,-25.0,0.0
519,-250.0,5275.0,-25.0,0.0
520,-250.0,5300.0,-25.0,0.0
521,-250.0,5325.0,-25.0,0.0
522,-225.0,3900.0,-25.0,0.0
523,-225.0,3925.0,-25.0,0.0
524,-225.0,3950.0,-25.0,0.0
525,-225.0,3975.0,-25.0,0.0
526,-225.0,4000.0,-25.0,0.0
527,-225.0,4025.0,-25.0,0.0
528,-225.0,4050.0,-25.0,0.0
529,-225.0,4075.0,-25.0,0.0
530,-225.0,4100.0,-25.0,0.0
531,-225.0,4125.0,-25.0,0.0
532,-225.0,4150.0,-25.0,0.0
533,-225.0,4175.0,-25.0,0.0
534,-225.0,4200.0,-25.0,0.0
535,-225.0,4225.0,-25.0,0.0
536,-225.0,4250.0,-25.0,0.0
537,-225.0,4275.0,-25.0,0.0
538,-225.0,4300.0,-25.0,0.0
539,-225.0,4325.0,-25.0,0.0
540,-225.0,4350.0,-25.0,0.0
541,-225.0,4375.0,-25.0,0.0
542,-225.0,4400.0,-25.0,0.0
543,-225.0,4425.0,-25.0,0.0
544,-225.0,4450.0,-25.0,0.0
545,-225.0,4475.0,-25.0,0.0
546,-225.0,4500.0,-25.0,0.0
547,-225.0,4525.0,-25.0,0.0
548,-225.0,4550.0,-25.0,0.0
549,-225.0,4575.0,-25.0,0.0
550,-225.0,4600.0,-25.0,0.0
551,-225.0,4625.0,-25.0,0.0
552,-225.0,4650.0,-25.0,0.0
553,-225.0,4675.0,-25.0,0.0
554,-225.0,4700.0,-25.0,0.0
555,-225.0,4725.0,-25.0,0.0
556,-225.0,4750.0,-25.0,0.0
557,-225.0,4775.0,-25.0,0.0
558,-225.0,4800.0,-25.0,0.0
559,-225.0,4825.0,-25.0,0.0
560,-225.0,4850.0,-25.0,0.0
561,-225.0,4875.0,-25.0,0.0
562,-225.0,4900.0,-25.0,0.0
563,-225.0,4925.0,-25.0,0.0
564,-225.0,4950.0,-25.0,0.0
565,-225.0,4975.0,-25.0,0.0
566,-225.0,5000.0,-25.0,0.0
567,-225.0,5025.0,-25.0,0.0
568,-225.0,5050.0,-25.0,0.0
569,-225.0,5075.0,-25.0,0.0
570,-225.0,5100.0,-25.0,0.0
571,-225.0,5125.0,-25.0,0.0
572,-225.0,5150.0,-25.0,0.0
573,-225.0,5175.0,-25.0,0.0
574,-225.0,5200.0,-25.0,0.0
575,-225.0,5225.0,-25.0,0.0
576,-225.0,5250.0,-25.0,0.0
577,-225.0,5275.0,-25.0,0.0
578,-225.0,5300.0,-25.0,0.0
579,-225.0,5325.0,-25.0,0.0
580,-200.0,3900.0,-25.0,0.0
581,-200.0,3925.0,-25.0,0.0
582,-200.0,3950.0,-25.0,0.0
583,-200.0,3975.0,-25.0,0.0
584,-200.0,4000.0,-25.0,0.0
585,-200.0,4025.0,-25.0,0.0
586,-200.0,4050.0,-25.0,0.0
587,-200.0,4075.0,-25.0,0.0
588,-200.0,4100.0,-25.0,0.0
589,-200.0,4125.0,-25.0,0.0
590,-200.0,4150.0,-25.0,0.0
591,-200.0,4175.0,-25.0,0.0
592,-200.0,4200.0,-25.0,0.0
593,-200.0,4225.0,-25.0,0.0
594,-200.0,4250.0,-25.0,0.0
595,-200.0,4275.0,-25.0,0.0
596,-200.0,4300.0,-25.0,0.0
597,-200.0,4325.0,-25.0,0.0
598,-200.0,4350.0,-25.0,0.0
599,-200.0,4375.0,-25.0,0.0
600,-200.0,4400.0,-25.0,0.0
601,-200.0,4425.0,-25.0,0.0
602,-200.0,4450.0,-25.0,0.0
603,-200.0,4475.0,-25.0,0.0
604,-200.0,4500.0,-25.0,0.0
605,-200.0,4525.0,-25.0,0.0
606,-200.0,4550.0,-25.0,0.0
607,-200.0,4575.0,-25.0,0.0
608,-200.0,4600.0,-25.0,0.0
609,-200.0,4625.0,-25.0,0.0
610,-200.0,4650.0,-25.0,0.0
611,-200.0,4675.0,-25.0,0.0
612,-200.0,4700.0,-25.0,0.0
613,-200.0,4725.0,-25.0,0.0
614,-200.0,4750.0,-25.0,0.0
615,-200.0,4775.0,-25.0,0.0
616,-200.0,4800.0,-25.0,0.0
617,-200.0,4825.0,-25.0,0.0
618,-200.0,4850.0,-25.0,0.0
619,-200.0,4875.0,-25.0,0.0
620,-200.0,4900.0,-25.0,0.0
621,-200.0,4925.0,-25.0,0.0
622,-200.0,4950.0,-25.0,0.0
623,-200.0,4975.0,-25.0,0.0
624,-200.0,5000.0,-25.0,0.0
625,-200.0,5025.0,-25.0,0.0
626,-200.0,5050.0,-25.0,0.0
627,-200.0,5075.0,-25.0,0.0
628,-200.0,5100.0,-25.0,0.0
629,-200.0,5125.0,-25.0,0.0
630,-200.0,5150.0,-25.0,0.0
631,-200.0,5175.0,-25.0,0.0
632,-200.0,5200.0,-25.0,0.0
633,-200.0,5225.0,-25.0,0.0
634,-200.0,5250.0,-25.0,0.0
635,-200.0,5275.0,-25.0,0.0
636,-200.0,5300.0,-25.0,0.0
637,-200.0,5325.0,-25.0,0.0
638,-175.0,3900.0,-25.0,0.0
639,-175.0,3925.0,-25.0,0.0
640,-175.0,3950.0,-25.0,0.0
641,-175.0,3975.0,-25.0,0.0
642,-175.0,4000.0,-25.0,0.0
643,-175.0,4025.0,-25.0,0.0
644,-175.0,4050.0,-25.0,0.0
645,-175.0,4075.0,-25.0,0.0
646,-175.0,4100.0,-25.0,0.0
647,-175.0,4125.0,-25.0,0.0
648,-175.0,4150.0,-25.0,0.0
649,-175.0,4175.0,-25.0,0.0
650,-175.0,4200.0,-25.0,0.0
651,-175.0,4225.0,-25.0,0.0
652,-175.0,4250.0,-25.0,0.0
653,-175.0,4275.0,-25.0,0.0
654,-175.0,4300.0,-25.0,0.0
655,-175.0,4325.0,-25.0,0.0
656,-175.0,4350.0,-25.0,0.0
657,-175.0,4375.0,-25.0,0.0
658,-175.0,4400.0,-25.0,0.0
659,-175.0,4425.0,-25.0,0.0
660,-175.0,4450.0,-25.0,0.0
661,-175.0,4475.0,-25.0,0.0
662,-175.0,4500.0,-25.0,0.0
663,-175.0,4525.0,-25.0,0.0
664,-175.0,4550.0,-25.0,0.0
665,-175.0,4575.0,-25.0,0.0
666,-175.0,4600.0,-25.0,0.0
667,-175.0,4625.0,-25.0,0.0
668,-175.0,4650.0,-25.0,0.0
669,-175.0,4675.0,-25.0,0.0
670,-175.0,4700.0,-25.0,0.0
671,-175.0,4725.0,-25.0,0.0
672,-175.0,4750.0,-25.0,0.0
673,-175.0,4775.0,-25.0,0.0
674,-175.0,4800.0,-25.0,0.0
675,-175.0,4825.0,-25.0,0.0
676,-175.0,4850.0,-25.0,0.0
677,-175.0,4875.0,-25.0,0.0
678,-175.0,4900.0,-25.0,0.0
679,-175.0,4925.0,-25.0,0.0
680,-175.0,4950.0,-25.0,0.0
681,-175.0,4975.0,-25.0,0.0
682,-175.0,5000.0,-25.0,0.0
683,-175.0,5025.0,-25.0,0.0
684,-175.0,5050.0,-25.0,0.0
685,-175.0,5075.0,-25.0,0.0
686,-175.0,5100.0,-25.0,0.0
687,-175.0,5125.0,-25.0,0.0
688,-175.0,5150.0,-25.0,0.0
689,-175.0,5175.0,-25.0,0.0
690,-175.0,5200.0,-25.0,0.0
691,-175.0,5225.0,-25.0,0.0
692,-175.0,5250.0,-25.0,0.0
693,-175.0,5275.0,-25.0,0.0
694,-175.0,5300.0,-25.0,0.0
695,-175.0,5325.0,-25.0,0.0
696,-150.0,3900.0,-25.0,0.0
697,-150.0,3925.0,-25.0,0.0
698,-150.0,3950.0,-25.0,0.0
699,-150.0,3975.0,-25.0,0.0
700,-150.0,4000.0,-25.0,0.0
701,-150.0,4025.0,-25.0,0.0
702,-150.0,4050.0,-25.0,0.0
703,-150.0,4075.0,-25.0,0.0
704,-150.0,4100.0,-25.0,0.0
705,-150.0,4125.0,-25.0,0.0
706,-150.0,4150.0,-25.0,0.0
707,-150.0,4175.0,-25.0,0.0
708,-150.0,4200.0,-25.0,0.0
709,-150.0,4225.0,-25.0,0.0
710,-150.0,4250.0,-25.0,0.0
711,-150.0,4275.0,-25.0,0.0
712,-150.0,4300.0,-25.0,0.0
713,-150.0,4325.0,-25.0,0.0
714,-150.0,4350.0,-25.0,0.0
715,-150.0,4375.0,-25.0,0.0
716,-150.0,4400.0,-25.0,0.0
717,-150.0,4425.0,-25.0,0.0
718,-150.0,4450.0,-25.0,0.0
719,-150.0,4475.0,-25.0,0.0
720,-150.0,4500.0,-25.0,0.0
721,-150.0,4525.0,-25.0,0.0
722,-150.0,4550.0,-25.0,0.0
723,-150.0,4575.0,-25.0,0.0
724,-150.0,4600.0,-25.0,0.0
725,-150.0,4625.0,-25.0,0.0
726,-150.0,4650.0,-25.0,0.0
727,-150.0,4675.0,-25.0,0.0
728,-150.0,4700.0,-25.0,0.0
729,-150.0,4725.0,-25.0,0.0
730,-150.0,4750.0,-25.0,0.0
731,-150.0,4775.0,-25.0,0.0
732,-150.0,4800.0,-25.0,0.0
733,-150.0,4825.0,-25.0,0.0
734,-150.0,4850.0,-25.0,0.0
735,-150.0,4875.0,-25.0,0.0
736,-150.0,4900.0,-25.0,0.0
737,-150.0,4925.0,-25.0,0.0
738,-150.0,4950.0,-25.0,0.0
739,-150.0,4975.0,-25.0,0.0
740,-150.0,5000.0,-25.0,0.0
741,-150.0,5025.0,-25.0,0.0
742,-150.0,5050.0,-25.0,0.0
743,-150.0,5075.0,-25.0,0.0
744,-150.0,5100.0,-25.0,0.0
745,-150.0,5125.0,-25.0,0.0
746,-150.0,5150.0,-25.0,0.0
747,-150.0,5175.0,-25.0,0.0
748,-150.0,5200.0,-25.0,0.0
749,-150.0,5225.0,-25.0,0.0
750,-150.0,5250.0,-25.0,0.0
751,-150.0,5275.0,-25.0,0.0
752,-150.0,5300.0,-25.0,0.0
753,-150.0,5325.0,-25.0,0.0
754,-125.0,3900.0,-25.0,0.0
755,-125.0,3925.0,-25.0,0.0
756,-125.0,3950.0,-25.0,0.0
757,-125.0,3975.0,-25.0,0.0
758,-125.0,4000.0,-25.0,0.0
759,-125.0,4025.0,-25.0,0.0
760,-125.0,4050.0,-25.0,0.0
761,-125.0,4075.0,-25.0,0.0
762,-125.0,4100.0,-25.0,0.0
763,-125.0,4125.0,-25.0,0.0
764,-125.0,4150.0,-25.0,0.0
765,-125.0,4175.0,-25.0,0.0
766,-125.0,4200.0,-25.0,0.0
767,-125.0,4225.0,-25.0,0.0
768,-125.0,4250.0,-25.0,0.0
769,-125.0,4275.0,-25.0,0.0
770,-125.0,4300.0,-25.0,0.0
771,-125.0,4325.0,-25.0,0.0
772,-125.0,4350.0,-25.0,0.0
773,-125.0,4375.0,-25.0,0.0
774,-125.0,4400.0,-25.0,0.0
775,-125.0,4425.0,-25.0,0.0
776,-125.0,4450.0,-25.0,0.0
777,-125.0,4475.0,-25.0,0.0
778,-125.0,4500.0,-25.0,0.0
779,-125.0,4525.0,-25.0,0.0
780,-125.0,4550.0,-25.0,0.0
781,-125.0,4575.0,-25.0,0.0
782,-125.0,4600.0,-25.0,0.0
783,-125.0,4625.0,-25.0,0.0
784,-125.0,4650.0,-25.0,0.0
785,-125.0,4675.0,-25.0,0.0
786,-125.0,4700.0,-25.0,0.0
787,-125.0,4725.0,-25.0,0.0
788,-125.0,4750.0,-25.0,0.0
789,-125.0,4775.0,-25.0,0.0
790,-125.0,4800.0,-25.0,0.0
791,-125.0,4825.0,-25.0,0.0
792,-125.0,4850.0,-25.0,0.0
793,-125.0,4875.0,-25.0,0.0
794,-125.0,4900.0,-25.0,0.0
795,-125.0,4925.0,-25.0,0.0
796,-125.0,4950.0,-25.0,0.0
797,-125.0,4975.0,-25.0,0.0
798,-125.0,5000.0,-25.0,0.0
799,-125.0,5025.0,-25.0,0.0
800,-125.0,5050.0,-25.0,0.0
801,-125.0,5075.0,-25.0,0.0
802,-125.0,5100.0,-25.0,0.0
803,-125.0,5125.0,-25.0,0.0
804,-125.0,5150.0,-25.0,0.0
805,-125.0,5175.0,-25.0,0.0
806,-125.0,5200.0,-25.0,0.0
807,-125.0,5225.0,-25.0,0.0
808,-125.0,5250.0,-25.0,0.0
809,-125.0,5275.0,-25.0,0.0
810,-125.0,5300.0,-25.0,0.0
811,-125.0,5325.0,-25.0,0.0
812,-100.0,3900.0,-25.0,0.0
813,-100.0,3925.0,-25.0,0.0
814,-100.0,3950.0,-25.0,0.0
815,-100.0,3975.0,-25.0,0.0
816,-100.0,4000.0,-25.0,0.0
817,-100.0,4025.0,-25.0,0.0
818,-100.0,4050.0,-25.0,0.0
819,-100.0,4075.0,-25.0,0.0
820,-100.0,4100.0,-25.0,0.0
821,-100.0,4125.0,-25.0,0.0
822,-100.0,4150.0,-25.0,0.0
823,-100.0,4175.0,-25.0,0.0
824,-100.0,4200.0,-25.0,0.0
825,-100.0,4225.0,-25.0,0.0
826,-100.0,4250.0,-25.0,0.0
827,-100.0,4275.0,-25.0,0.0
828,-100.0,4300.0,-25.0,0.0
829,-100.0,4325.0,-25.0,0.0
830,-100.0,4350.0,-25.0,0.0
831,-100.0,4375.0,-25.0,0.0
832,-100.0,4400.0,-25.0,0.0
833,-100.0,4425.0,-25.0,0.0
834,-100.0,4450.0,-25.0,0.0
835,-100.0,4475.0,-25.0,0.0
836,-100.0,4500.0,-25.0,0.0
837,-100.0,4525.0,-25.0,0.0
838,-100.0,4550.0,-25.0,0.0
839,-100.0,4575.0,-25.0,0.0
840,-100.0,4600.0,-25.0,0.0
841,-100.0,4625.0,-25.0,0.0
842,-100.0,4650.0,-25.0,0.0
843,-100.0,4675.0,-25.0,0.0
844,-100.0,4700.0,-25.0,0.0
845,-100.0,4725.0,-25.0,0.0
846,-100.0,4750.0,-25.0,0.0
847,-100.0,4775.0,-25.0,0.0
848,-100.0,4800.0,-25.0,0.0
849,-100.0,4825.0,-25.0,0.0
850,-100.0,4850.0,-25.0,0.0
851,-100.0,4875.0,-25.0,0.0
852,-100.0,4900.0,-25.0,0.0
853,-100.0,4925.0,-25.0,0.0
854,-100.0,4950.0,-25.0,0.0
855,-100.0,4975.0,-25.0,0.0
856,-100.0,5000.0,-25.0,0.0
857,-100.0,5025.0,-25.0,0.0
858,-100.0,5050.0,-25.0,0.0
859,-100.0,5075.0,-25.0,0.0
860,-100.0,5100.0,-25.0,0.0
861,-100.0,5125.0,-25.0,0.0
862,-100.0,5150.0,-25.0,0.0
863,-100.0,5175.0,-25.0,0.0
864,-100.0,5200.0,-25.0,0.0
865,-100.0,5225.0,-25.0,0.0
866,-100.0,5250.0,-25.0,0.0
867,-100.0,5275.0,-25.0,0.0
868,-100.0,5300.0,-25.0,0.0
869,-100.0,5325.0,-25.0,0.0
870,-75.0,3900.0,-25.0,0.0
871,-75.0,3925.0,-25.0,0.0
872,-75.0,3950.0,-25.0,0.0
873,-75.0,3975.0,-25.0,0.0
874,-75.0,4000.0,-25.0,0.0
875,-75.0,4025.0,-25.0,0.0
876,-75.0,4050.0,-25.0,0.0
877,-75.0,4075.0,-25.0,0.0
878,-75.0,4100.0,-25.0,0.0
879,-75.0,4125.0,-25.0,0.0
880,-75.0,4150.0,-25.0,0.0
881,-75.0,4175.0,-25.0,0.0
882,-75.0,4200.0,-25.0,0.0
883,-75.0,4225.0,-25.0,0.0
884,-75.0,4250.0,-25.0,0.0
885,-75.0,4275.0,-25.0,0.0
886,-75.0,4300.0,-25.0,0.0
887,-75.0,4325.0,-25.0,0.0
888,-75.0,4350.0,-25.0,0.0
889,-75.0,4375.0,-25.0,0.0
890,-75.0,4400.0,-25.0,0.0
891,-75.0,4425.0,-25.0,0.0
892,-75.0,4450.0,-25.0,0.0
893,-75.0,4475.0,-25.0,0.0
894,-75.0,4500.0,-25.0,0.0
895,-75.0,4525.0,-25.0,0.0
896,-75.0,4550.0,-25.0,0.0
897,-75.0,4575.0,-25.0,0.0
898,-75.0,4600.0,-25.0,0.0
899,-75.0,4625.0,-25.0,0.0
900,-75.0,4650.0,-25.0,0.0
901,-75.0,4675.0,-25.0,0.0
902,-75.0,4700.0,-25.0,0.0
903,-75.0,4725.0,-25.0,0.0
904,-75.0,4750.0,-25.0,0.0
905,-75.0,4775.0,-25.0,0.0
906,-75.0,4800.0,-25.0,0.0
907,-75.0,4825.0,-25.0,0.0
908,-75.0,4850.0,-25.0,0.0
909,-75.0,4875.0,-25.0,0.0
910,-75.0,4900.0,-25.0,0.0
911,-75.0,4925.0,-25.0,0.0
912,-75.0,4950.0,-25.0,0.0
913,-75.0,4975.0,-25.0,0.0
914,-75.0,5000.0,-25.0,0.0
915,-75.0,5025.0,-25.0,0.0
916,-75.0,5050.0,-25.0,0.0
917,-75.0,5075.0,-25.0,0.0
918,-75.0,5100.0,-25.0,0.0
919,-75.0,5125.0,-25.0,0.0
920,-75.0,5150.0,-25.0,0.0
921,-75.0,5175.0,-25.0,0.0
922,-75.0,5200.0,-25.0,0.0
923,-75.0,5225.0,-25.0,0.0
924,-75.0,5250.0,-25.0,0.0
925,-75.0,5275.0,-25.0,0.0
926,-75.0,5300.0,-25.0,0.0
927,-75.0,5325.0,-25.0,0.0
928,-50.0,3900.0,-25.0,0.0
929,-50.0,3925.0,-25.0,0.0
930,-50.0,3950.0,-25.0,0.0
931,-50.0,3975.0,-25.0,0.0
932,-50.0,4000.0,-25.0,0.0
933,-50.0,4025.0,-25.0,0.0
934,-50.0,4050.0,-25.0,0.0
935,-50.0,4075.0,-25.0,0.0
936,-50.0,4100.0,-25.0,0.0
937,-50.0,4125.0,-25.0,0.0
938,-50.0,4150.0,-25.0,0.0
939,-50.0,4175.0,-25.0,0.0
940,-50.0,4200.0,-25.0,0.0
941,-50.0,4225.0,-25.0,0.0
942,-50.0,4250.0,-25.0,0.0
943,-50.0,4275.0,-25.0,0.0
944,-50.0,4300.0,-25.0,0.0
945,-50.0,4325.0,-25.0,0.0
946,-50.0,4350.0,-25.0,0.0
947,-50.0,4375.0,-25.0,0.0
948,-50.0,4400.0,-25.0,0.0
949,-50.0,4425.0,-25.0,0.0
950,-50.0,4450.0,-25.0,0.0
951,-50.0,4475.0,-25.0,0.0
952,-50.0,4500.0,-25.0,0.0
953,-50.0,4525.0,-25.0,0.0
954,-50.0,4550.0,-25.0,0.0
955,-50.0,4575.0,-25.0,0.0
956,-50.0,4600.0,-25.0,0.0
957,-50.0,4625.0,-25.0,0.0
958,-50.0,4650.0,-25.0,0.0
959,-50.0,4675.0,-25.0,0.0
960,-50.0,4700.0,-25.0,0.0
961,-50.0,4725.0,-25.0,0.0
962,-50.0,4750.0,-25.0,0.0
963,-50.0,4775.0,-25.0,0.0
964,-50.0,4800.0,-25.0,0.0
965,-50.0,4825.0,-25.0,0.0
966,-50.0,4850.0,-25.0,0.0
967,-50.0,4875.0,-25.0,0.0
968,-50.0,4900.0,-25.0,0.0
969,-50.0,4925.0,-25.0,0.0
970,-50.0,4950.0,-25.0,0.0
971,-50.0,4975.0,-25.0,0.0
972,-50.0,5000.0,-25.0,0.0
973,-50.0,5025.0,-25.0,0.0
974,-50.0,5050.0,-25.0,0.0
975,-50.0,5075.0,-25.0,0.0
976,-50.0,5100.0,-25.0,0.0
977,-50.0,5125.0,-25.0,0.0
978,-50.0,5150.0,-25.0,0.0
979,-50.0,5175.0,-25.0,0.0
980,-50.0,5200.0,-25.0,0.0
981,-50.0,5225.0,-25.0,0.0
982,-50.0,5250.0,-25.0,0.0
983,-50.0,5275.0,-25.0,0.0
984,-50.0,5300.0,-25.0,0.0
985,-50.0,5325.0,-25.0,0.0
986,-25.0,3900.0,-25.0,0.0
987,-25.0,3925.0,-25.0,0.0
988,-25.0,3950.0,-25.0,0.0
989,-25.0,3975.0,-25.0,0.0
990,-25.0,4000.0,-25.0,0.0
991,-25.0,4025.0,-25.0,0.0
992,-25.0,4050.0,-25.0,0.0
993,-25.0,4075.0,-25.0,0.0
994,-25.0,4100.0,-25.0,0.0
995,-25.0,4125.0,-25.0,0.0
996,-25.0,4150.0,-25.0,0.0
997,-25.0,4175.0,-25.0,0.0
998,-25.0,4200.0,-25.0,0.0
999,-25.0,4225.0,-25.0,0.0
1000,-25.0,4250.0,-25.0,0.0
1001,-25.0,4275.0,-25.0,0.0
1002,-25.0,4300.0,-25.0,0.0
1003,-25.0,4325.0,-25.0,0.0
1004,-25.0,4350.0,-25.0,0.0
1005,-25.0,4375.0,-25.0,0.0
1006,-25.0,4400.0,-25.0,0.0
1007,-25.0,4425.0,-25.0,0.0
1008,-25.0,4450.0,-25.0,0.0
1009,-25.0,4475.0,-25.0,0.0
1010,-25.0,4500.0,-25.0,0.0
1011,-25.0,4525.0,-25.0,0.0
1012,-25.0,4550.0,-25.0,0.0
1013,-25.0,4575.0,-25.0,0.0
1014,-25.0,4600.0,-25.0,0.0
1015,-25.0,4625.0,-25.0,0.0
1016,-25.0,4650.0,-25.0,0.0
1017,-25.0,4675.0,-25.0,0.0
1018,-25.0,4700.0,-25.0,0.0
1019,-25.0,4725.0,-25.0,0.0
1020,-25.0,4750.0,-25.0,0.0
1021,-25.0,4775.0,-25.0,0.0
1022,-25.0,4800.0,-25.0,0.0
1023,-25.0,4825.0,-25.0,0.0
1024,-25.0,4850.0,-25.0,0.0
1025,-25.0,4875.0,-25.0,0.0
1026,-25.0,4900.0,-25.0,0.0
1027,-25.0,4925.0,-25.0,0.0
1028,-25.0,4950.0,-25.0,0.0
1029,-25.0,4975.0,-25.0,0.0
1030,-25.0,5000.0,-25.0,0.0
1031,-25.0,5025.0,-25.0,0.0
1032,-25.0,5050.0,-25.0,0.0
1033,-25.0,5075.0,-25.0,0.0
1034,-25.0,5100.0,-25.0,0.0
1035,-25.0,5125.0,-25.0,0.0
1036,-25.0,5150.0,-25.0,0.0
1037,-25.0,5175.0,-25.0,0.0
1038,-25.0,5200.0,-25.0,0.0
1039,-25.0,5225.0,-25.0,0.0
1040,-25.0,5250.0,-25.0,0.0
1041,-25.0,5275.0,-25.0,0.0
1042,-25.0,5300.0,-25.0,0.0
1043,-25.0,5325.0,-25.0,0.0
1044,0.0,3900.0,-25.0,0.0
1045,0.0,3925.0,-25.0,0.0
1046,0.0,3950.0,-25.0,0.0
1047,0.0,3975.0,-25.0,0.0
1048,0.0,4000.0,-25.0,0.0
1049,0.0,4025.0,-25.0,0.0
1050,0.0,4050.0,-25.0,0.0
1051,0.0,4075.0,-25.0,0.0
1052,0.0,4100.0,-25.0,0.0
1053,0.0,4125.0,-25.0,0.0
1054,0.0,4150.0,-25.0,0.0
1055,0.0,4175.0,-25.0,0.0
1056,0.0,4200.0,-25.0,0.0
1057,0.0,4225.0,-25.0,0.0
1058,0.0,4250.0,-25.0,0.0
1059,0.0,4275.0,-25.0,0.0
1060,0.0,4300.0,-25.0,0.0
1061,0.0,4325.0,-25.0,0.0
1062,0.0,4350.0,-25.0,0.0
1063,0.0,4375.0,-25.0,0.0
1064,0.0,4400.0,-25.0,0.0
1065,0.0,4425.0,-25.0,0.0
1066,0.0,4450.0,-25.0,0.0
1067,0.0,4475.0,-25.0,0.0
1068,0.0,4500.0,-25.0,0.0
1069,0.0,4525.0,-25.0,0.0
1070,0.0,4550.0,-25.0,0.0
1071,0.0,4575.0,-25.0,0.0
1072,0.0,4600.0,-25.0,0.0
1073,0.0,4625.0,-25.0,0.0
1074,0.0,4650.0,-25.0,0.0
1075,0.0,4675.0,-25.0,0.0
1076,0.0,4700.0,-25.0,0.0
1077,0.0,4725.0,-25.0,0.0
1078,0.0,4750.0,-25.0,0.0
1079,0.0,4775.0,-25.0,0.0
1080,0.0,4800.0,-25.0,0.0
1081,0.0,4825.0,-25.0,0.0
1082,0.0,4850.0,-25.0,0.0
1083,0.0,4875.0,-25.0,0.0
1084,0.0,4900.0,-25.0,0.0
1085,0.0,4925.0,-25.0,0.0
1086,0.0,4950.0,-25.0,0.0
1087,0.0,4975.0,-25.0,0.0
1088,0.0,5000.0,-25.0,0.0
1089,0.0,5025.0,-25.0,0.0
1090,0.0,5050.0,-25.0,0.0
1091,0.0,5075.0,-25.0,0.0
1092,0.0,5100.0,-25.0,0.0
1093,0.0,5125.0,-25.0,0.0
1094,0.0,5150.0,-25.0,0.0
1095,0.0,5175.0,-25.0,0.0
1096,0.0,5200.0,-25.0,0.0
1097,0.0,5225.0,-25.0,0.0
1098,0.0,5250.0,-25.0,0.0
1099,0.0,5275.0,-25.0,0.0
1100,0.0,5300.0,-25.0,0.0
1101,0.0,5325.0,-25.0,0.0
1102,25.0,3900.0,-25.0,0.0
1103,25.0,3925.0,-25.0,0.0
1104,25.0,3950.0,-25.0,0.0
1105,25.0,3975.0,-25.0,0.0
1106,25.0,4000.0,-25.0,0.0
1107,25.0,4025.0,-25.0,0.0
1108,25.0,4050.0,-25.0,0.0
1109,25.0,4075.0,-25.0,0.0
1110,25.0,4100.0,-25.0,0.0
1111,25.0,4125.0,-25.0,0.0
1112,25.0,4150.0,-25.0,0.0
1113,25.0,4175.0,-25.0,0.0
1114,25.0,4200.0,-25.0,0.0
1115,25.0,4225.0,-25.0,0.0
1116,25.0,4250.0,-25.0,0.0
1117,25.0,4275.0,-25.0,0.0
1118,25.0,4300.0,-25.0,0.0
1119,25.0,4325.0,-25.0,0.0
1120,25.0,4350.0,-25.0,0.0
1121,25.0,4375.0,-25.0,0.0
1122,25.0,4400.0,-25.0,0.0
1123,25.0,4425.0,-25.0,0.0
1124,25.0,4450.0,-25.0,0.0
1125,25.0,4475.0,-25.0,0.0
1126,25.0,4500.0,-25.0,0.0
1127,25.0,4525.0,-25.0,0.0
1128,25.0,4550.0,-25.0,0.0
1129,25.0,4575.0,-25.0,0.0
1130,25.0,4600.0,-25.0,0.0
1131,25.0,4625.0,-25.0,0.0
1132,25.0,4650.0,-25.0,0.0
1133,25.0,4675.0,-25.0,0.0
1134,25.0,4700.0,-25.0,0.0
1135,25.0,4725.0,-25.0,0.0
1136,25.0,4750.0,-25.0,0.0
1137,25.0,4775.0,-25.0,0.0
1138,25.0,4800.0,-25.0,0.0
1139,25.0,4825.0,-25.0,0.0
1140,25.0,4850.0,-25.0,0.0
1141,25.0,4875.0,-25.0,0.0
1142,25.0,4900.0,-25.0,0.0
1143,25.0,4925.0,-25.0,0.0
1144,25.0,4950.0,-25.0,0.0
1145,25.0,4975.0,-25.0,0.0
1146,25.0,5000.0,-25.0,0.0
1147,25.0,5025.0,-25.0,0.0
1148,25.0,5050.0,-25.0,0.0
1149,25.0,5075.0,-25.0,0.0
1150,25.0,5100.0,-25.0,0.0
1151,25.0,5125.0,-25.0,0.0
1152,25.0,5150.0,-25.0,0.0
1153,25.0,5175.0,-25.0,0.0
1154,25.0,5200.0,-25.0,0.0
1155,25.0,5225.0,-25.0,0.0
1156,25.0,5250.0,-25.0,0.0
1157,25.0,5275.0,-25.0,0.0
1158,25.0,5300.0,-25.0,0.0
1159,25.0,5325.0,-25.0,0.0
1160,50.0,3900.0,-25.0,0.0
1161,50.0,3925.0,-25.0,0.0
1162,50.0,3950.0,-25.0,0.0
1163,50.0,3975.0,-25.0,0.0
1164,50.0,4000.0,-25.0,0.0
1165,50.0,4025.0,-25.0,0.0
1166,50.0,4050.0,-25.0,0.0
1167,50.0,4075.0,-25.0,0.0
1168,50.0,4100.0,-25.0,0.0
1169,50.0,4125.0,-25.0,0.0
1170,50.0,4150.0,-25.0,0.0
1171,50.0,4175.0,-25.0,0.0
1172,50.0,4200.0,-25.0,0.0
1173,50.0,4225.0,-25.0,0.0
1174,50.0,4250.0,-25.0,0.0
1175,50.0,4275.0,-25.0,0.0
1176,50.0,4300.0,-25.0,0.0
1177,50.0,4325.0,-25.0,0.0
1178,50.0,4350.0,-25.0,0.0
1179,50.0,4375.0,-25.0,0.0
1180,50.0,4400.0,-25.0,0.0
1181,50.0,4425.0,-25.0,0.0
1182,50.0,4450.0,-25.0,0.0
1183,50.0,4475.0,-25.0,0.0
1184,50.0,4500.0,-25.0,0.0
1185,50.0,4525.0,-25.0,0.0
1186,50.0,4550.0,-25.0,0.0
1187,50.0,4575.0,-25.0,0.0
1188,50.0,4600.0,-25.0,0.0
1189,50.0,4625.0,-25.0,0.0
1190,50.0,4650.0,-25.0,0.0
1191,50.0,4675.0,-25.0,0.0
1192,50.0,4700.0,-25.0,0.0
1193,50.0,4725.0,-25.0,0.0
1194,50.0,4750.0,-25.0,0.0
1195,50.0,4775.0,-25.0,0.0
1196,50.0,4800.0,-25.0,0.0
1197,50.0,4825.0,-25.0,0.0
1198,50.0,4850.0,-25.0,0.0
1199,50.0,4875.0,-25.0,0.0
1200,50.0,4900.0,-25.0,0.0
1201,50.0,4925.0,-25.0,0.0
1202,50.0,4950.0,-25.0,0.0
1203,50.0,4975.0,-25.0,0.0
1204,50.0,5000.0,-25.0,0.0
1205,50.0,5025.0,-25.0,0.0
1206,50.0,5050.0,-25.0,0.0
1207,50.0,5075.0,-25.0,0.0
1208,50.0,5100.0,-25.0,0.0
1209,50.0,5125.0,-25.0,0.0
1210,50.0,5150.0,-25.0,0.0
1211,50.0,5175.0,-25.0,0.0
1212,50.0,5200.0,-25.0,0.0
1213,50.0,5225.0,-25.0,0.0
1214,50.0,5250.0,-25.0,0.0
1215,50.0,5275.0,-25.0,0.0
1216,50.0,5300.0,-25.0,0.0
1217,50.0,5325.0,-25.0,0.0
1218,75.0,3900.0,-25.0,0.0
1219,75.0,3925.0,-25.0,0.0
1220,75.0,3950.0,-25.0,0.0
1221,75.0,3975.0,-25.0,0.0
1222,75.0,4000.0,-25.0,0.0
1223,75.0,4025.0,-25.0,0.0
1224,75.0,4050.0,-25.0,0.0
1225,75.0,4075.0,-25.0,0.0
1226,75.0,4100.0,-25.0,0.0
1227,75.0,4125.0,-25.0,0.0
1228,75.0,4150.0,-25.0,0.0
1229,75.0,4175.0,-25.0,0.0
1230,75.0,4200.0,-25.0,0.0
1231,75.0,4225.0,-25.0,0.0
1232,75.0,4250.0,-25.0,0.0
1233,75.0,4275.0,-25.0,0.0
1234,75.0,4300.0,-25.0,0.0
1235,75.0,4325.0,-25.0,0.0
1236,75.0,4350.0,-25.0,0.0
1237,75.0,4375.0,-25.0,0.0
1238,75.0,4400.0,-25.0,0.0
1239,75.0,4425.0,-25.0,0.0
1240,75.0,4450.0,-25.0,0.0
1241,75.0,4475.0,-25.0,0.0
1242,75.0,4500.0,-25.0,0.0
1243,75.0,4525.0,-25.0,0.0
1244,75.0,4550.0,-25.0,0.0
1245,75.0,4575.0,-25.0,0.0
1246,75.0,4600.0,-25.0,0.0
1247,75.0,4625.0,-25.0,0.0
1248,75.0,4650.0,-25.0,0.0
1249,75.0,4675.0,-25.0,0.0
1250,75.0,4700.0,-25.0,0.0
1251,75.0,4725.0,-25.0,0.0
1252,75.0,4750.0,-25.0,0.0
1253,75.0,4775.0,-25.0,0.0
1254,75.0,4800.0,-25.0,0.0
1255,75.0,4825.0,-25.0,0.0
1256,75.0,4850.0,-25.0,0.0
1257,75.0,4875.0,-25.0,0.0
1258,75.0,4900.0,-25.0,0.0
1259,75.0,4925.0,-25.0,0.0
1260,75.0,4950.0,-25.0,0.0
1261,75.0,4975.0,-25.0,0.0
1262,75.0,5000.0,-25.0,0.0
1263,75.0,5025.0,-25.0,0.0
1264,75.0,5050.0,-25.0,0.0
1265,75.0,5075.0,-25.0,0.0
1266,75.0,5100.0,-25.0,0.0
1267,75.0,5125.0,-25.0,0.0
1268,75.0,5150.0,-25.0,0.0
1269,75.0,5175.0,-25.0,0.0
1270,75.0,5200.0,-25.0,0.0
1271,75.0,5225.0,-25.0,0.0
1272,75.0,5250.0,-25.0,0.0
1273,75.0,5275.0,-25.0,0.0
1274,75.0,5300.0,-25.0,0.0
1275,75.0,5325.0,-25.0,0.0
1276,100.0,3900.0,-25.0,0.0
1277,100.0,3925.0,-25.0,0.0
1278,100.0,3950.0,-25.0,0.0
1279,100.0,3975.0,-25.0,0.0
1280,100.0,4000.0,-25.0,0.0
1281,100.0,4025.0,-25.0,0.0
1282,100.0,4050.0,-25.0,0.0
1283,100.0,4075.0,-25.0,0.0
1284,100.0,4100.0,-25.0,0.0
1285,100.0,4125.0,-25.0,0.0
1286,100.0,4150.0,-25.0,0.0
1287,100.0,4175.0,-25.0,0.0
1288,100.0,4200.0,-25.0,0.0
1289,100.0,4225.0,-25.0,0.0
1290,100.0,4250.0,-25.0,0.0
1291,100.0,4275.0,-25.0,0.0
1292,100.0,4300.0,-25.0,0.0
1293,100.0,4325.0,-25.0,0.0
1294,100.0,4350.0,-25.0,0.0
1295,100.0,4375.0,-25.0,0.0
1296,100.0,4400.0,-25.0,0.0
1297,100.0,4425.0,-25.0,0.0
1298,100.0,4450.0,-25.0,0.0
1299,100.0,4475.0,-25.0,0.0
1300,100.0,4500.0,-25.0,0.0
1301,100.0,4525.0,-25.0,0.0
1302,100.0,4550.0,-25.0,0.0
1303,100.0,4575.0,-25.0,0.0
1304,100.0,4600.0,-25.0,0.0
1305,100.0,4625.0,-25.0,0.0
1306,100.0,4650.0,-25.0,0.0
1307,100.0,4675.0,-25.0,0.0
1308,100.0,4700.0,-25.0,0.0
1309,100.0,4725.0,-25.0,0.0
1310,100.0,4750.0,-25.0,0.0
1311,100.0,4775.0,-25.0,0.0
1312,100.0,4800.0,-25.0,0.0
1313,100.0,4825.0,-25.0,0.0
1314,100.0,4850.0,-25.0,0.0
1315,100.0,4875.0,-25.0,0.0
1316,100.0,4900.0,-25.0,0.0
1317,100.0,4925.0,-25.0,0.0
1318,100.0,4950.0,-25.0,0.0
1319,100.0,4975.0,-25.0,0.0
1320,100.0,5000.0,-25.0,0.0
1321,100.0,5025.0,-25.0,0.0
1322,100.0,5050.0,-25.0,0.0
1323,100.0,5075.0,-25.0,0.0
1324,100.0,5100.0,-25.0,0.0
1325,100.0,5125.0,-25.0,0.0
1326,100.0,5150.0,-25.0,0.0
1327,100.0,5175.0,-25.0,0.0
1328,100.0,5200.0,-25.0,0.0
1329,100.0,5225.0,-25.0,0.0
1330,100.0,5250.0,-25.0,0.0
1331,100.0,5275.0,-25.0,0.0
1332,100.0,5300.0,-25.0,0.0
1333,100.0,5325.0,-25.0,0.0
1334,125.0,3900.0,-25.0,0.0
1335,125.0,3925.0,-25.0,0.0
1336,125.0,3950.0,-25.0,0.0
1337,125.0,3975.0,-25.0,0.0
1338,125.0,4000.0,-25.0,0.0
1339,125.0,4025.0,-25.0,0.0
1340,125.0,4050.0,-25.0,0.0
1341,125.0,4075.0,-25.0,0.0
1342,125.0,4100.0,-25.0,0.0
1343,125.0,4125.0,-25.0,0.0
1344,125.0,4150.0,-25.0,0.0
1345,125.0,4175.0,-25.0,0.0
1346,125.0,4200.0,-25.0,0.0
1347,125.0,4225.0,-25.0,0.0
1348,125.0,4250.0,-25.0,0.0
1349,125.0,4275.0,-25.0,0.0
1350,125.0,4300.0,-25.0,0.0
1351,125.0,4325.0,-25.0,0.0
1352,125.0,4350.0,-25.0,0.0
1353,125.0,4375.0,-25.0,0.0
1354,125.0,4400.0,-25.0,0.0
1355,125.0,4425.0,-25.0,0.0
1356,125.0,4450.0,-25.0,0.0
1357,125.0,4475.0,-25.0,0.0
1358,125.0,4500.0,-25.0,0.0
1359,125.0,4525.0,-25.0,0.0
1360,125.0,4550.0,-25.0,0.0
1361,125.0,4575.0,-25.0,0.0
1362,125.0,4600.0,-25.0,0.0
1363,125.0,4625.0,-25.0,0.0
1364,125.0,4650.0,-25.0,0.0
1365,125.0,4675.0,-25.0,0.0
1366,125.0,4700.0,-25.0,0.0
1367,125.0,4725.0,-25.0,0.0
1368,125.0,4750.0,-25.0,0.0
1369,125.0,4775.0,-25.0,0.0
1370,125.0,4800.0,-25.0,0.0
1371,125.0,4825.0,-25.0,0.0
1372,125.0,4850.0,-25.0,0.0
1373,125.0,4875.0,-25.0,0.0
1374,125.0,4900.0,-25.0,0.0
1375,125.0,4925.0,-25.0,0.0
1376,125.0,4950.0,-25.0,0.0
1377,125.0,4975.0,-25.0,0.0
1378,125.0,5000.0,-25.0,0.0
1379,125.0,5025.0,-25.0,0.0
1380,125.0,5050.0,-25.0,0.0
1381,125.0,5075.0,-25.0,0.0
1382,125.0,5100.0,-25.0,0.0
1383,125.0,5125.0,-25.0,0.0
1384,125.0,5150.0,-25.0,0.0
1385,125.0,5175.0,-25.0,0.0
1386,125.0,5200.0,-25.0,0.0
1387,125.0,5225.0,-25.0,0.0
1388,125.0,5250.0,-25.0,0.0
1389,125.0,5275.0,-25.0,0.0
1390,125.0,5300.0,-25.0,0.0
1391,125.0,5325.0,-25.0,0.0
1392,150.0,3900.0,-25.0,0.0
1393,150.0,3925.0,-25.0,0.0
1394,150.0,3950.0,-25.0,0.0
1395,150.0,3975.0,-25.0,0.0
1396,150.0,4000.0,-25.0,0.0
1397,150.0,4025.0,-25.0,0.0
1398,150.0,4050.0,-25.0,0.0
1399,150.0,4075.0,-25.0,0.0
1400,150.0,4100.0,-25.0,0.0
1401,150.0,4125.0,-25.0,0.0
1402,150.0,4150.0,-25.0,0.0
1403,150.0,4175.0,-25.0,0.0
1404,150.0,4200.0,-25.0,0.0
1405,150.0,4225.0,-25.0,0.0
1406,150.0,4250.0,-25.0,0.0
1407,150.0,4275.0,-25.0,0.0
1408,150.0,4300.0,-25.0,0.0
1409,150.0,4325.0,-25.0,0.0
1410,150.0,4350.0,-25.0,0.0
1411,150.0,4375.0,-25.0,0.0
1412,150.0,4400.0,-25.0,0.0
1413,150.0,4425.0,-25.0,0.0
1414,150.0,4450.0,-25.0,0.0
1415,150.0,4475.0,-25.0,0.0
1416,150.0,4500.0,-25.0,0.0
1417,150.0,4525.0,-25.0,0.0
1418,150.0,4550.0,-25.0,0.0
1419,150.0,4575.0,-25.0,0.0
1420,150.0,4600.0,-25.0,0.0
1421,150.0,4625.0,-25.0,0.0
1422,150.0,4650.0,-25.0,0.0
1423,150.0,4675.0,-25.0,0.0
1424,150.0,4700.0,-25.0,0.0
1425,150.0,4725.0,-25.0,0.0
1426,150.0,4750.0,-25.0,0.0
1427,150.0,4775.0,-25.0,0.0
1428,150.0,4800.0,-25.0,0.0
1429,150.0,4825.0,-25.0,0.0
1430,150.0,4850.0,-25.0,0.0
1431,150.0,4875.0,-25.0,0.0
1432,150.0,4900.0,-25.0,0.0
1433,150.0,4925.0,-25.0,0.0
1434,150.0,4950.0,-25.0,0.0
1435,150.0,4975.0,-25.0,0.0
1436,150.0,5000.0,-25.0,0.0
1437,150.0,5025.0,-25.0,0.0
1438,150.0,5050.0,-25.0,0.0
1439,150.0,5075.0,-25.0,0.0
1440,150.0,5100.0,-25.0,0.0
1441,150.0,5125.0,-25.0,0.0
1442,150.0,5150.0,-25.0,0.0
1443,150.0,5175.0,-25.0,0.0
1444,150.0,5200.0,-25.0,0.0
1445,150.0,5225.0,-25.0,0.0
1446,150.0,5250.0,-25.0,0.0
1447,150.0,5275.0,-25.0,0.0
1448,150.0,5300.0,-25.0,0.0
1449,150.0,5325.0,-25.0,0.0
1450,175.0,3900.0,-25.0,0.0
1451,175.0,3925.0,-25.0,0.0
1452,175.0,3950.0,-25.0,0.0
1453,175.0,3975.0,-25.0,0.0
1454,175.0,4000.0,-25.0,0.0
1455,175.0,4025.0,-25.0,0.0
1456,175.0,4050.0,-25.0,0.0
1457,175.0,4075.0,-25.0,0.0
1458,175.0,4100.0,-25.0,0.0
1459,175.0,4125.0,-25.0,0.0
1460,175.0,4150.0,-25.0,0.0
1461,175.0,4175.0,-25.0,0.0
1462,175.0,4200.0,-25.0,0.0
1463,175.0,4225.0,-25.0,0.0
1464,175.0,4250.0,-25.0,0.0
1465,175.0,4275.0,-25.0,0.0
1466,175.0,4300.0,-25.0,0.0
1467,175.0,4325.0,-25.0,0.0
1468,175.0,4350.0,-25.0,0.0
1469,175.0,4375.0,-25.0,0.0
1470,175.0,4400.0,-25.0,0.0
1471,175.0,4425.0,-25.0,0.0
1472,175.0,4450.0,-25.0,0.0
1473,175.0,4475.0,-25.0,0.0
1474,175.0,4500.0,-25.0,0.0
1475,175.0,4525.0,-25.0,0.0
1476,175.0,4550.0,-25.0,0.0
1477,175.0,4575.0,-25.0,0.0
1478,175.0,4600.0,-25.0,0.0
1479,175.0,4625.0,-25.0,0.0
1480,175.0,4650.0,-25.0,0.0
1481,175.0,4675.0,-25.0,0.0
1482,175.0,4700.0,-25.0,0.0
1483,175.0,4725.0,-25.0,0.0
1484,175.0,4750.0,-25.0,0.0
1485,175.0,4775.0,-25.0,0.0
1486,175.0,4800.0,-25.0,0.0
1487,175.0,4825.0,-25.0,0.0
1488,175.0,4850.0,-25.0,0.0
1489,175.0,4875.0,-25.0,0.0
1490,175.0,4900.0,-25.0,0.0
1491,175.0,4925.0,-25.0,0.0
1492,175.0,4950.0,-25.0,0.0
1493,175.0,4975.0,-25.0,0.0
1494,175.0,5000.0,-25.0,0.0
1495,175.0,5025.0,-25.0,0.0
1496,175.0,5050.0,-25.0,0.0
1497,175.0,5075.0,-25.0,0.0
1498,175.0,5100.0,-25.0,0.0
1499,175.0,5125.0,-25.0,0.0
1500,175.0,5150.0,-25.0,0.0
1501,175.0,5175.0,-25.0,0.0
1502,175.0,5200.0,-25.0,0.0
1503,175.0,5225.0,-25.0,0.0
1504,175.0,5250.0,-25.0,0.0
1505,175.0,5275.0,-25.0,0.0
1506,175.0,5300.0,-25.0,0.0
1507,175.0,5325.0,-25.0,0.0
1508,200.0,3900.0,-25.0,0.0
1509,200.0,3925.0,-25.0,0.0
1510,200.0,3950.0,-25.0,0.0
1511,200.0,3975.0,-25.0,0.0
1512,200.0,4000.0,-25.0,0.0
1513,200.0,4025.0,-25.0,0.0
1514,200.0,4050.0,-25.0,0.0
1515,200.0,4075.0,-25.0,0.0
1516,200.0,4100.0,-25.0,0.0
1517,200.0,4125.0,-25.0,0.0
1518,200.0,4150.0,-25.0,0.0
1519,200.0,4175.0,-25.0,0.0
1520,200.0,4200.0,-25.0,0.0
1521,200.0,4225.0,-25.0,0.0
1522,200.0,4250.0,-25.0,0.0
1523,200.0,4275.0,-25.0,0.0
1524,200.0,4300.0,-25.0,0.0
1525,200.0,4325.0,-25.0,0.0
1526,200.0,4350.0,-25.0,0.0
1527,200.0,4375.0,-25.0,0.0
1528,200.0,4400.0,-25.0,0.0
1529,200.0,4425.0,-25.0,0.0
1530,200.0,4450.0,-25.0,0.0
1531,200.0,4475.0,-25.0,0.0
1532,200.0,4500.0,-25.0,0.0
1533,200.0,4525.0,-25.0,0.0
1534,200.0,4550.0,-25.0,0.0
1535,200.0,4575.0,-25.0,0.0
1536,200.0,4600.0,-25.0,0.0
1537,200.0,4625.0,-25.0,0.0
1538,200.0,4650.0,-25.0,0.0
1539,200.0,4675.0,-25.0,0.0
1540,200.0,4700.0,-25.0,0.0
1541,200.0,4725.0,-25.0,0.0
1542,200.0,4750.0,-25.0,0.0
1543,200.0,4775.0,-25.0,0.0
1544,200.0,4800.0,-25.0,0.0
1545,200.0,4825.0,-25.0,0.0
1546,200.0,4850.0,-25.0,0.0
1547,200.0,4875.0,-25.0,0.0
1548,200.0,4900.0,-25.0,0.0
1549,200.0,4925.0,-25.0,0.0
1550,200.0,4950.0,-25.0,0.0
1551,200.0,4975.0,-25.0,0.0
1552,200.0,5000.0,-25.0,0.0
1553,200.0,5025.0,-25.0,0.0
1554,200.0,5050.0,-25.0,0.0
1555,200.0,5075.0,-25.0,0.0
1556,200.0,5100.0,-25.0,0.0
1557,200.0,5125.0,-25.0,0.0
1558,200.0,5150.0,-25.0,0.0
1559,200.0,5175.0,-25.0,0.0
1560,200.0,5200.0,-25.0,0.0
1561,200.0,5225.0,-25.0,0.0
1562,200.0,5250.0,-25.0,0.0
1563,200.0,5275.0,-25.0,0.0
1564,200.0,5300.0,-25.0,0.0
1565,200.0,5325.0,-25.0,0.0
1566,225.0,3900.0,-25.0,0.0
1567,225.0,3925.0,-25.0,0.0
1568,225.0,3950.0,-25.0,0.0
1569,225.0,3975.0,-25.0,0.0
1570,225.0,4000.0,-25.0,0.0
1571,225.0,4025.0,-25.0,0.0
1572,225.0,4050.0,-25.0,0.0
1573,225.0,4075.0,-25.0,0.0
1574,225.0,4100.0,-25.0,0.0
1575,225.0,4125.0,-25.0,0.0
1576,225.0,4150.0,-25.0,0.0
1577,225.0,4175.0,-25.0,0.0
1578,225.0,4200.0,-25.0,0.0
1579,225.0,4225.0,-25.0,0.0
1580,225.0,4250.0,-25.0,0.0
1581,225.0,4275.0,-25.0,0.0
1582,225.0,4300.0,-25.0,0.0
1583,225.0,4325.0,-25.0,0.0
1584,225.0,4350.0,-25.0,0.0
1585,225.0,4375.0,-25.0,0.0
1586,225.0,4400.0,-25.0,0.0
1587,225.0,4425.0,-25.0,0.0
1588,225.0,4450.0,-25.0,0.0
1589,225.0,4475.0,-25.0,0.0
1590,225.0,4500.0,-25.0,0.0
1591,225.0,4525.0,-25.0,0.0
1592,225.0,4550.0,-25.0,0.0
1593,225.0,4575.0,-25.0,0.0
1594,225.0,4600.0,-25.0,0.0
1595,225.0,4625.0,-25.0,0.0
1596,225.0,4650.0,-25.0,0.0
1597,225.0,4675.0,-25.0,0.0
1598,225.0,4700.0,-25.0,0.0
1599,225.0,4725.0,-25.0,0.0
1600,225.0,4750.0,-25.0,0.0
1601,225.0,4775.0,-25.0,0.0
1602,225.0,4800.0,-25.0,0.0
1603,225.0,4825.0,-25.0,0.0
1604,225.0,4850.0,-25.0,0.0
1605,225.0,4875.0,-25.0,0.0
1606,225.0,4900.0,-25.0,0.0
1607,225.0,4925.0,-25.0,0.0
1608,225.0,4950.0,-25.0,0.0
1609,225.0,4975.0,-25.0,0.0
1610,225.0,5000.0,-25.0,0.0
1611,225.0,5025.0,-25.0,0.0
1612,225.0,5050.0,-25.0,0.0
1613,225.0,5075.0,-25.0,0.0
1614,225.0,5100.0,-25.0,0.0
1615,225.0,5125.0,-25.0,0.0
1616,225.0,5150.0,-25.0,0.0
1617,225.0,5175.0,-25.0,0.0
1618,225.0,5200.0,-25.0,0.0
1619,225.0,5225.0,-25.0,0.0
1620,225.0,5250.0,-25.0,0.0
1621,225.0,5275.0,-25.0,0.0
1622,225.0,5300.0,-25.0,0.0
1623,225.0,5325.0,-25.0,0.0
1624,250.0,3900.0,-25.0,0.0
1625,250.0,3925.0,-25.0,0.0
1626,250.0,3950.0,-25.0,0.0
1627,250.0,3975.0,-25.0,0.0
1628,250.0,4000.0,-25.0,0.0
1629,250.0,4025.0,-25.0,0.0
1630,250.0,4050.0,-25.0,0.0
1631,250.0,4075.0,-25.0,0.0
1632,250.0,4100.0,-25.0,0.0
1633,250.0,4125.0,-25.0,0.0
1634,250.0,4150.0,-25.0,0.0
1635,250.0,4175.0,-25.0,0.0
1636,250.0,4200.0,-25.0,0.0
1637,250.0,4225.0,-25.0,0.0
1638,250.0,4250.0,-25.0,0.0
1639,250.0,4275.0,-25.0,0.0
1640,250.0,4300.0,-25.0,0.0
1641,250.0,4325.0,-25.0,0.0
1642,250.0,4350.0,-25.0,0.0
1643,250.0,4375.0,-25.0,0.0
1644,250.0,4400.0,-25.0,0.0
1645,250.0,4425.0,-25.0,0.0
1646,250.0,4450.0,-25.0,0.0
1647,250.0,4475.0,-25.0,0.0
1648,250.0,4500.0,-25.0,0.0
1649,250.0,4525.0,-25.0,0.0
1650,250.0,4550.0,-25.0,0.0
1651,250.0,4575.0,-25.0,0.0
1652,250.0,4600.0,-25.0,0.0
1653,250.0,4625.0,-25.0,0.0
1654,250.0,4650.0,-25.0,0.0
1655,250.0,4675.0,-25.0,0.0
1656,250.0,4700.0,-25.0,0.0
1657,250.0,4725.0,-25.0,0.0
1658,250.0,4750.0,-25.0,0.0
1659,250.0,4775.0,-25.0,0.0
1660,250.0,4800.0,-25.0,0.0
1661,250.0,4825.0,-25.0,0.0
1662,250.0,4850.0,-25.0,0.0
1663,250.0,4875.0,-25.0,0.0
1664,250.0,4900.0,-25.0,0.0
1665,250.0,4925.0,-25.0,0.0
1666,250.0,4950.0,-25.0,0.0
1667,250.0,4975.0,-25.0,0.0
1668,250.0,5000.0,-25.0,0.0
1669,250.0,5025.0,-25.0,0.0
1670,250.0,5050.0,-25.0,0.0
1671,250.0,5075.0,-25.0,0.0
1672,250.0,5100.0,-25.0,0.0
1673,250.0,5125.0,-25.0,0.0
1674,250.0,5150.0,-25.0,0.0
1675,250.0,5175.0,-25.0,0.0
1676,250.0,5200.0,-25.0,0.0
1677,250.0,5225.0,-25.0,0.0
1678,250.0,5250.0,-25.0,0.0
1679,250.0,5275.0,-25.0,0.0
1680,250.0,5300.0,-25.0,0.0
1681,250.0,5325.0,-25.0,0.0
1682,275.0,3900.0,-25.0,0.0
1683,275.0,3925.0,-25.0,0.0
1684,275.0,3950.0,-25.0,0.0
1685,275.0,3975.0,-25.0,0.0
1686,275.0,4000.0,-25.0,0.0
1687,275.0,4025.0,-25.0,0.0
1688,275.0,4050.0,-25.0,0.0
1689,275.0,4075.0,-25.0,0.0
1690,275.0,4100.0,-25.0,0.0
1691,275.0,4125.0,-25.0,0.0
1692,275.0,4150.0,-25.0,0.0
1693,275.0,4175.0,-25.0,0.0
1694,275.0,4200.0,-25.0,0.0
1695,275.0,4225.0,-25.0,0.0
1696,275.0,4250.0,-25.0,0.0
1697,275.0,4275.0,-25.0,0.0
1698,275.0,4300.0,-25.0,0.0
1699,275.0,4325.0,-25.0,0.0
1700,275.0,4350.0,-25.0,0.0
1701,275.0,4375.0,-25.0,0.0
1702,275.0,4400.0,-25.0,0.0
1703,275.0,4425.0,-25.0,0.0
1704,275.0,4450.0,-25.0,0.0
1705,275.0,4475.0,-25.0,0.0
1706,275.0,4500.0,-25.0,0.0
1707,275.0,4525.0,-25.0,0.0
1708,275.0,4550.0,-25.0,0.0
1709,275.0,4575.0,-25.0,0.0
1710,275.0,4600.0,-25.0,0.0
1711,275.0,4625.0,-25.0,0.0
1712,275.0,4650.0,-25.0,0.0
1713,275.0,4675.0,-25.0,0.0
1714,275.0,4700.0,-25.0,0.0
1715,275.0,4725.0,-25.0,0.0
1716,275.0,4750.0,-25.0,0.0
1717,275.0,4775.0,-25.0,0.0
1718,275.0,4800.0,-25.0,0.0
1719,275.0,4825.0,-25.0,0.0
1720,275.0,4850.0,-25.0,0.0
1721,275.0,4875.0,-25.0,0.0
1722,275.0,4900.0,-25.0,0.0
1723,275.0,4925.0,-25.0,0.0
1724,275.0,4950.0,-25.0,0.0
1725,275.0,4975.0,-25.0,0.0
1726,275.0,5000.0,-25.0,0.0
1727,275.0,5025.0,-25.0,0.0
1728,275.0,5050.0,-25.0,0.0
1729,275.0,5075.0,-25.0,0.0
1730,275.0,5100.0,-25.0,0.0
1731,275.0,5125.0,-25.0,0.0
1732,275.0,5150.0,-25.0,0.0
1733,275.0,5175.0,-25.0,0.0
1734,275.0,5200.0,-25.0,0.0
1735,275.0,5225.0,-25.0,0.0
1736,275.0,5250.0,-25.0,0.0
1737,275.0,5275.0,-25.0,0.0
1738,275.0,5300.0,-25.0,0.0
1739,275.0,5325.0,-25.0,0.0
1740,300.0,3900.0,-25.0,0.0
1741,300.0,3925.0,-25.0,0.0
1742,300.0,3950.0,-25.0,0.0
1743,300.0,3975.0,-25.0,0.0
1744,300.0,4000.0,-25.0,0.0
1745,300.0,4025.0,-25.0,0.0
1746,300.0,4050.0,-25.0,0.0
1747,300.0,4075.0,-25.0,0.0
1748,300.0,4100.0,-25.0,0.0
1749,300.0,4125.0,-25.0,0.0
1750,300.0,4150.0,-25.0,0.0
1751,300.0,4175.0,-25.0,0.0
1752,300.0,4200.0,-25.0,0.0
1753,300.0,4225.0,-25.0,0.0
1754,300.0,4250.0,-25.0,0.0
1755,300.0,4275.0,-25.0,0.0
1756,300.0,4300.0,-25.0,0.0
1757,300.0,4325.0,-25.0,0.0
1758,300.0,4350.0,-25.0,0.0
1759,300.0,4375.0,-25.0,0.0
1760,300.0,4400.0,-25.0,0.0
1761,300.0,4425.0,-25.0,0.0
1762,300.0,4450.0,-25.0,0.0
1763,300.0,4475.0,-25.0,0.0
1764,300.0,4500.0,-25.0,0.0
1765,300.0,4525.0,-25.0,0.0
1766,300.0,4550.0,-25.0,0.0
1767,300.0,4575.0,-25.0,0.0
1768,300.0,4600.0,-25.0,0.0
1769,300.0,4625.0,-25.0,0.0
1770,300.0,4650.0,-25.0,0.0
1771,300.0,4675.0,-25.0,0.0
1772,300.0,4700.0,-25.0,0.0
1773,300.0,4725.0,-25.0,0.0
1774,300.0,4750.0,-25.0,0.0
1775,300.0,4775.0,-25.0,0.0
1776,300.0,4800.0,-25.0,0.0
1777,300.0,4825.0,-25.0,0.0
1778,300.0,4850.0,-25.0,0.0
1779,300.0,4875.0,-25.0,0.0
1780,300.0,4900.0,-25.0,0.0
1781,300.0,4925.0,-25.0,0.0
1782,300.0,4950.0,-25.0,0.0
1783,300.0,4975.0,-25.0,0.0
1784,300.0,5000.0,-25.0,0.0
1785,300.0,5025.0,-25.0,0.0
1786,300.0,5050.0,-25.0,0.0
1787,300.0,5075.0,-25.0,0.0
1788,300.0,5100.0,-25.0,0.0
1789,300.0,5125.0,-25.0,0.0
1790,300.0,5150.0,-25.0,0.0
1791,300.0,5175.0,-25.0,0.0
1792,300.0,5200.0,-25.0,0.0
1793,300.0,5225.0,-25.0,0.0
1794,300.0,5250.0,-25.0,0.0
1795,300.0,5275.0,-25.0,0.0
1796,300.0,5300.0,-25.0,0.0
1797,300.0,5325.0,-25.0,0.0
1798,325.0,3900.0,-25.0,0.0
1799,325.0,3925.0,-25.0,0.0
1800,325.0,3950.0,-25.0,0.0
1801,325.0,3975.0,-25.0,0.0
1802,325.0,4000.0,-25.0,0.0
1803,325.0,4025.0,-25.0,0.0
1804,325.0,4050.0,-25.0,0.0
1805,325.0,4075.0,-25.0,0.0
1806,325.0,4100.0,-25.0,0.0
1807,325.0,4125.0,-25.0,0.0
1808,325.0,4150.0,-25.0,0.0
1809,325.0,4175.0,-25.0,0.0
1810,325.0,4200.0,-25.0,0.0
1811,325.0,4225.0,-25.0,0.0
1812,325.0,4250.0,-25.0,0.0
1813,325.0,4275.0,-25.0,0.0
1814,325.0,4300.0,-25.0,0.0
1815,325.0,4325.0,-25.0,0.0
1816,325.0,4350.0,-25.0,0.0
1817,325.0,4375.0,-25.0,0.0
1818,325.0,4400.0,-25.0,0.0
1819,325.0,4425.0,-25.0,0.0
1820,325.0,4450.0,-25.0,0.0
1821,325.0,4475.0,-25.0,0.0
1822,325.0,4500.0,-25.0,0.0
1823,325.0,4525.0,-25.0,0.0
1824,325.0,4550.0,-25.0,0.0
1825,325.0,4575.0,-25.0,0.0
1826,325.0,4600.0,-25.0,0.0
1827,325.0,4625.0,-25.0,0.0
1828,325.0,4650.0,-25.0,0.0
1829,325.0,4675.0,-25.0,0.0
1830,325.0,4700.0,-25.0,0.0
1831,325.0,4725.0,-25.0,0.0
1832,325.0,4750.0,-25.0,0.0
1833,325.0,4775.0,-25.0,0.0
1834,325.0,4800.0,-25.0,0.0
1835,325.0,4825.0,-25.0,0.0
1836,325.0,4850.0,-25.0,0.0
1837,325.0,4875.0,-25.0,0.0
1838,325.0,4900.0,-25.0,0.0
1839,325.0,4925.0,-25.0,0.0
1840,325.0,4950.0,-25.0,0.0
1841,325.0,4975.0,-25.0,0.0
1842,325.0,5000.0,-25.0,0.0
1843,325.0,5025.0,-25.0,0.0
1844,325.0,5050.0,-25.0,0.0
1845,325.0,5075.0,-25.0,0.0
1846,325.0,5100.0,-25.0,0.0
1847,325.0,5125.0,-25.0,0.0
1848,325.0,5150.0,-25.0,0.0
1849,325.0,5175.0,-25.0,0.0
1850,325.0,5200.0,-25.0,0.0
1851,325.0,5225.0,-25.0,0.0
1852,325.0,5250.0,-25.0,0.0
1853,325.0,5275.0,-25.0,0.0
1854,325.0,5300.0,-25.0,0.0
1855,325.0,5325.0,-25.0,0.0
1856,350.0,3900.0,-25.0,0.0
1857,350.0,3925.0,-25.0,0.0
1858,350.0,3950.0,-25.0,0.0
1859,350.0,3975.0,-25.0,0.0
1860,350.0,4000.0,-25.0,0.0
1861,350.0,4025.0,-25.0,0.0
1862,350.0,4050.0,-25.0,0.0
1863,350.0,4075.0,-25.0,0.0
1864,350.0,4100.0,-25.0,0.0
1865,350.0,4125.0,-25.0,0.0
1866,350.0,4150.0,-25.0,0.0
1867,350.0,4175.0,-25.0,0.0
1868,350.0,4200.0,-25.0,0.0
1869,350.0,4225.0,-25.0,0.0
1870,350.0,4250.0,-25.0,0.0
1871,350.0,4275.0,-25.0,0.0
1872,350.0,4300.0,-25.0,0.0
1873,350.0,4325.0,-25.0,0.0
1874,350.0,4350.0,-25.0,0.0
1875,350.0,4375.0,-25.0,0.0
1876,350.0,4400.0,-25.0,0.0
1877,350.0,4425.0,-25.0,0.0
1878,350.0,4450.0,-25.0,0.0
1879,350.0,4475.0,-25.0,0.0
1880,350.0,4500.0,-25.0,0.0
1881,350.0,4525.0,-25.0,0.0
1882,350.0,4550.0,-25.0,0.0
1883,350.0,4575.0,-25.0,0.0
1884,350.0,4600.0,-25.0,0.0
1885,350.0,4625.0,-25.0,0.0
1886,350.0,4650.0,-25.0,0.0
1887,350.0,4675.0,-25.0,0.0
1888,350.0,4700.0,-25.0,0.0
1889,350.0,4725.0,-25.0,0.0
1890,350.0,4750.0,-25.0,0.0
1891,350.0,4775.0,-25.0,0.0
1892,350.0,4800.0,-25.0,0.0
1893,350.0,4825.0,-25.0,0.0
1894,350.0,4850.0,-25.0,0.0
1895,350.0,4875.0,-25.0,0.0
1896,350.0,4900.0,-25.0,0.0
1897,350.0,4925.0,-25.0,0.0
1898,350.0,4950.0,-25.0,0.0
1899,350.0,4975.0,-25.0,0.0
1900,350.0,5000.0,-25.0,0.0
1901,350.0,5025.0,-25.0,0.0
1902,350.0,5050.0,-25.0,0.0
1903,350.0,5075.0,-25.0,0.0
1904,350.0,5100.0,-25.0,0.0
1905,350.0,5125.0,-25.0,0.0
1906,350.0,5150.0,-25.0,0.0
1907,350.0,5175.0,-25.0,0.0
1908,350.0,5200.0,-25.0,0.0
1909,350.0,5225.0,-25.0,0.0
1910,350.0,5250.0,-25.0,0.0
1911,350.0,5275.0,-25.0,0.0
1912,350.0,5300.0,-25.0,0.0
1913,350.0,5325.0,-25.0,0.0
1914,375.0,3900.0,-25.0,0.0
1915,375.0,3925.0,-25.0,0.0
1916,375.0,3950.0,-25.0,0.0
1917,375.0,3975.0,-25.0,0.0
1918,375.0,4000.0,-25.0,0.0
1919,375.0,4025.0,-25.0,0.0
1920,375.0,4050.0,-25.0,0.0
1921,375.0,4075.0,-25.0,0.0
1922,375.0,4100.0,-25.0,0.0
1923,375.0,4125.0,-25.0,0.0
1924,375.0,4150.0,-25.0,0.0
1925,375.0,4175.0,-25.0,0.0
1926,375.0,4200.0,-25.0,0.0
1927,375.0,4225.0,-25.0,0.0
1928,375.0,4250.0,-25.0,0.0
1929,375.0,4275.0,-25.0,0.0
1930,375.0,4300.0,-25.0,0.0
1931,375.0,4325.0,-25.0,0.0
1932,375.0,4350.0,-25.0,0.0
1933,375.0,4375.0,-25.0,0.0
1934,375.0,4400.0,-25.0,0.0
1935,375.0,4425.0,-25.0,0.0
1936,375.0,4450.0,-25.0,0.0
1937,375.0,4475.0,-25.0,0.0
1938,375.0,4500.0,-25.0,0.0
1939,375.0,4525.0,-25.0,0.0
1940,375.0,4550.0,-25.0,0.0
1941,375.0,4575.0,-25.0,0.0
1942,375.0,4600.0,-25.0,0.0
1943,375.0,4625.0,-25.0,0.0
1944,375.0,4650.0,-25.0,0.0
1945,375.0,4675.0,-25.0,0.0
1946,375.0,4700.0,-25.0,0.0
1947,375.0,4725.0,-25.0,0.0
1948,375.0,4750.0,-25.0,0.0
1949,375.0,4775.0,-25.0,0.0
1950,375.0,4800.0,-25.0,0.0
1951,375.0,4825.0,-25.0,0.0
1952,375.0,4850.0,-25.0,0.0
1953,375.0,4875.0,-25.0,0.0
1954,375.0,4900.0,-25.0,0.0
1955,375.0,4925.0,-25.0,0.0
1956,375.0,4950.0,-25.0,0.0
1957,375.0,4975.0,-25.0,0.0
1958,375.0,5000.0,-25.0,0.0
1959,375.0,5025.0,-25.0,0.0
1960,375.0,5050.0,-25.0,0.0
1961,375.0,5075.0,-25.0,0.0
1962,375.0,5100.0,-25.0,0.0
1963,375.0,5125.0,-25.0,0.0
1964,375.0,5150.0,-25.0,0.0
1965,375.0,5175.0,-25.0,0.0
1966,375.0,5200.0,-25.0,0.0
1967,375.0,5225.0,-25.0,0.0
1968,375.0,5250.0,-25.0,0.0
1969,375.0,5275.0,-25.0,0.0
1970,375.0,5300.0,-25.0,0.0
1971,375.0,5325.0,-25.0,0.0
1972,400.0,3900.0,-25.0,0.0
1973,400.0,3925.0,-25.0,0.0
1974,400.0,3950.0,-25.0,0.0
1975,400.0,3975.0,-25.0,0.0
1976,400.0,4000.0,-25.0,0.0
1977,400.0,4025.0,-25.0,0.0
1978,400.0,4050.0,-25.0,0.0
1979,400.0,4075.0,-25.0,0.0
1980,400.0,4100.0,-25.0,0.0
1981,400.0,4125.0,-25.0,0.0
1982,400.0,4150.0,-25.0,0.0
1983,400.0,4175.0,-25.0,0.0
1984,400.0,4200.0,-25.0,0.0
1985,400.0,4225.0,-25.0,0.0
1986,400.0,4250.0,-25.0,0.0
1987,400.0,4275.0,-25.0,0.0
1988,400.0,4300.0,-25.0,0.0
1989,400.0,4325.0,-25.0,0.0
1990,400.0,4350.0,-25.0,0.0
1991,400.0,4375.0,-25.0,0.0
1992,400.0,4400.0,-25.0,0.0
1993,400.0,4425.0,-25.0,0.0
1994,400.0,4450.0,-25.0,0.0
1995,400.0,4475.0,-25.0,0.0
1996,400.0,4500.0,-25.0,0.0
1997,400.0,4525.0,-25.0,0.0
1998,400.0,4550.0,-25.0,0.0
1999,400.0,4575.0,-25.0,0.0
2000,400.0,4600.0,-25.0,0.0
2001,400.0,4625.0,-25.0,0.0
2002,400.0,4650.0,-25.0,0.0
2003,400.0,4675.0,-25.0,0.0
2004,400.0,4700.0,-25.0,0.0
2005,400.0,4725.0,-25.0,0.0
2006,400.0,4750.0,-25.0,0.0
2007,400.0,4775.0,-25.0,0.0
2008,400.0,4800.0,-25.0,0.0
2009,400.0,4825.0,-25.0,0.0
2010,400.0,4850.0,-25.0,0.0
2011,400.0,4875.0,-25.0,0.0
2012,400.0,4900.0,-25.0,0.0
2013,400.0,4925.0,-25.0,0.0
2014,400.0,4950.0,-25.0,0.0
2015,400.0,4975.0,-25.0,0.0
2016,400.0,5000.0,-25.0,0.0
2017,400.0,5025.0,-25.0,0.0
2018,400.0,5050.0,-25.0,0.0
2019,400.0,5075.0,-25.0,0.0
2020,400.0,5100.0,-25.0,0.0
2021,400.0,5125.0,-25.0,0.0
2022,400.0,5150.0,-25.0,0.0
2023,400.0,5175.0,-25.0,0.0
2024,400.0,5200.0,-25.0,0.0
2025,400.0,5225.0,-25.0,0.0
2026,400.0,5250.0,-25.0,0.0
2027,400.0,5275.0,-25.0,0.0
2028,400.0,5300.0,-25.0,0.0
2029,400.0,5325.0,-25.0,0.0
2030,425.0,3900.0,-25.0,0.0
2031,425.0,3925.0,-25.0,0.0
2032,425.0,3950.0,-25.0,0.0
2033,425.0,3975.0,-25.0,0.0
2034,425.0,4000.0,-25.0,0.0
2035,425.0,4025.0,-25.0,0.0
2036,425.0,4050.0,-25.0,0.0
2037,425.0,4075.0,-25.0,0.0
2038,425.0,4100.0,-25.0,0.0
2039,425.0,4125.0,-25.0,0.0
2040,425.0,4150.0,-25.0,0.0
2041,425.0,4175.0,-25.0,0.0
2042,425.0,4200.0,-25.0,0.0
2043,425.0,4225.0,-25.0,0.0
2044,425.0,4250.0,-25.0,0.0
2045,425.0,4275.0,-25.0,0.0
2046,425.0,4300.0,-25.0,0.0
2047,425.0,4325.0,-25.0,0.0
2048,425.0,4350.0,-25.0,0.0
2049,425.0,4375.0,-25.0,0.0
2050,425.0,4400.0,-25.0,0.0
2051,425.0,4425.0,-25.0,0.0
2052,425.0,4450.0,-25.0,0.0
2053,425.0,4475.0,-25.0,0.0
2054,425.0,4500.0,-25.0,0.0
2055,425.0,4525.0,-25.0,0.0
2056,425.0,4550.0,-25.0,0.0
2057,425.0,4575.0,-25.0,0.0
2058,425.0,4600.0,-25.0,0.0
2059,425.0,4625.0,-25.0,0.0
2060,425.0,4650.0,-25.0,0.0
2061,425.0,4675.0,-25.0,0.0
2062,425.0,4700.0,-25.0,0.0
2063,425.0,4725.0,-25.0,0.0
2064,425.0,4750.0,-25.0,0.0
2065,425.0,4775.0,-25.0,0.0
2066,425.0,4800.0,-25.0,0.0
2067,425.0,4825.0,-25.0,0.0
2068,425.0,4850.0,-25.0,0.0
2069,425.0,4875.0,-25.0,0.0
2070,425.0,4900.0,-25.0,0.0
2071,425.0,4925.0,-25.0,0.0
2072,425.0,4950.0,-25.0,0.0
2073,425.0,4975.0,-25.0,0.0
2074,425.0,5000.0,-25.0,0.0
2075,425.0,5025.0,-25.0,0.0
2076,425.0,5050.0,-25.0,0.0
2077,425.0,5075.0,-25.0,0.0
2078,425.0,5100.0,-25.0,0.0
2079,425.0,5125.0,-25.0,0.0
2080,425.0,5150.0,-25.0,0.0
2081,425.0,5175.0,-25.0,0.0
2082,425.0,5200.0,-25.0,0.0
2083,425.0,5225.0,-25.0,0.0
2084,425.0,5250.0,-25.0,0.0
2085,425.0,5275.0,-25.0,0.0
2086,425.0,5300.0,-25.0,0.0
2087,425.0,5325.0,-25.0,0.0
2088,450.0,3900.0,-25.0,0.0
2089,450.0,3925.0,-25.0,0.0
2090,450.0,3950.0,-25.0,0.0
2091,450.0,3975.0,-25.0,0.0
2092,450.0,4000.0,-25.0,0.0
2093,450.0,4025.0,-25.0,0.0
2094,450.0,4050.0,-25.0,0.0
2095,450.0,4075.0,-25.0,0.0
2096,450.0,4100.0,-25.0,0.0
2097,450.0,4125.0,-25.0,0.0
2098,450.0,4150.0,-25.0,0.0
2099,450.0,4175.0,-25.0,0.0
2100,450.0,4200.0,-25.0,0.0
2101,450.0,4225.0,-25.0,0.0
2102,450.0,4250.0,-25.0,0.0
2103,450.0,4275.0,-25.0,0.0
2104,450.0,4300.0,-25.0,0.0
2105,450.0,4325.0,-25.0,0.0
2106,450.0,4350.0,-25.0,0.0
2107,450.0,4375.0,-25.0,0.0
2108,450.0,4400.0,-25.0,0.0
2109,450.0,4425.0,-25.0,0.0
2110,450.0,4450.0,-25.0,0.0
2111,450.0,4475.0,-25.0,0.0
2112,450.0,4500.0,-25.0,0.0
2113,450.0,4525.0,-25.0,0.0
2114,450.0,4550.0,-25.0,0.0
2115,450.0,4575.0,-25.0,0.0
2116,450.0,4600.0,-25.0,0.0
2117,450.0,4625.0,-25.0,0.0
2118,450.0,4650.0,-25.0,0.0
2119,450.0,4675.0,-25.0,0.0
2120,450.0,4700.0,-25.0,0.0
2121,450.0,4725.0,-25.0,0.0
2122,450.0,4750.0,-25.0,0.0
2123,450.0,4775.0,-25.0,0.0
2124,450.0,4800.0,-25.0,0.0
2125,450.0,4825.0,-25.0,0.0
2126,450.0,4850.0,-25.0,0.0
2127,450.0,4875.0,-25.0,0.0
2128,450.0,4900.0,-25.0,0.0
2129,450.0,4925.0,-25.0,0.0
2130,450.0,4950.0,-25.0,0.0
2131,450.0,4975.0,-25.0,0.0
2132,450.0,5000.0,-25.0,0.0
2133,450.0,5025.0,-25.0,0.0
2134,450.0,5050.0,-25.0,0.0
2135,450.0,5075.0,-25.0,0.0
2136,450.0,5100.0,-25.0,0.0
2137,450.0,5125.0,-25.0,0.0
2138,450.0,5150.0,-25.0,0.0
2139,450.0,5175.0,-25.0,0.0
2140,450.0,5200.0,-25.0,0.0
2141,450.0,5225.0,-25.0,0.0
2142,450.0,5250.0,-25.0,0.0
2143,450.0,5275.0,-25.0,0.0
2144,450.0,5300.0,-25.0,0.0
2145,450.0,5325.0,-25.0,0.0
2146,475.0,3900.0,-25.0,0.0
2147,475.0,3925.0,-25.0,0.0
2148,475.0,3950.0,-25.0,0.0
2149,475.0,3975.0,-25.0,0.0
2150,475.0,4000.0,-25.0,0.0
2151,475.0,4025.0,-25.0,0.0
2152,475.0,4050.0,-25.0,0.0
2153,475.0,4075.0,-25.0,0.0
2154,475.0,4100.0,-25.0,0.0
2155,475.0,4125.0,-25.0,0.0
2156,475.0,4150.0,-25.0,0.0
2157,475.0,4175.0,-25.0,0.0
2158,475.0,4200.0,-25.0,0.0
2159,475.0,4225.0,-25.0,0.0
2160,475.0,4250.0,-25.0,0.0
2161,475.0,4275.0,-25.0,0.0
2162,475.0,4300.0,-25.0,0.0
2163,475.0,4325.0,-25.0,0.0
2164,475.0,4350.0,-25.0,0.0
2165,475.0,4375.0,-25.0,0.0
2166,475.0,4400.0,-25.0,0.0
2167,475.0,4425.0,-25.0,0.0
2168,475.0,4450.0,-25.0,0.0
2169,475.0,4475.0,-25.0,0.0
2170,475.0,4500.0,-25.0,0.0
2171,475.0,4525.0,-25.0,0.0
2172,475.0,4550.0,-25.0,0.0
2173,475.0,4575.0,-25.0,0.0
2174,475.0,4600.0,-25.0,0.0
2175,475.0,4625.0,-25.0,0.0
2176,475.0,4650.0,-25.0,0.0
2177,475.0,4675.0,-25.0,0.0
2178,475.0,4700.0,-25.0,0.0
2179,475.0,4725.0,-25.0,0.0
2180,475.0,4750.0,-25.0,0.0
2181,475.0,4775.0,-25.0,0.0
2182,475.0,4800.0,-25.0,0.0
2183,475.0,4825.0,-25.0,0.0
2184,475.0,4850.0,-25.0,0.0
2185,475.0,4875.0,-25.0,0.0
2186,475.0,4900.0,-25.0,0.0
2187,475.0,4925.0,-25.0,0.0
2188,475.0,4950.0,-25.0,0.0
2189,475.0,4975.0,-25.0,0.0
2190,475.0,5000.0,-25.0,0.0
2191,475.0,5025.0,-25.0,0.0
2192,475.0,5050.0,-25.0,0.0
2193,475.0,5075.0,-25.0,0.0
2194,475.0,5100.0,-25.0,0.0
2195,475.0,5125.0,-25.0,0.0
2196,475.0,5150.0,-25.0,0.0
2197,475.0,5175.0,-25.0,0.0
2198,475.0,5200.0,-25.0,0.0
2199,475.0,5225.0,-25.0,0.0
2200,475.0,5250.0,-25.0,0.0
2201,475.0,5275.0,-25.0,0.0
2202,475.0,5300.0,-25.0,0.0
2203,475.0,5325.0,-25.0,0.0
2204,500.0,3900.0,-25.0,0.0
2205,500.0,3925.0,-25.0,0.0
2206,500.0,3950.0,-25.0,0.0
2207,500.0,3975.0,-25.0,0.0
2208,500.0,4000.0,-25.0,0.0
2209,500.0,4025.0,-25.0,0.0
2210,500.0,4050.0,-25.0,0.0
2211,500.0,4075.0,-25.0,0.0
2212,500.0,4100.0,-25.0,0.0
2213,500.0,4125.0,-25.0,0.0
2214,500.0,4150.0,-25.0,0.0
2215,500.0,4175.0,-25.0,0.0
2216,500.0,4200.0,-25.0,0.0
2217,500.0,4225.0,-25.0,0.0
2218,500.0,4250.0,-25.0,0.0
2219,500.0,4275.0,-25.0,0.0
2220,500.0,4300.0,-25.0,0.0
2221,500.0,4325.0,-25.0,0.0
2222,500.0,4350.0,-25.0,0.0
2223,500.0,4375.0,-25.0,0.0
2224,500.0,4400.0,-25.0,0.0
2225,500.0,4425.0,-25.0,0.0
2226,500.0,4450.0,-25.0,0.0
2227,500.0,4475.0,-25.0,0.0
2228,500.0,4500.0,-25.0,0.0
2229,500.0,4525.0,-25.0,0.0
2230,500.0,4550.0,-25.0,0.0
2231,500.0,4575.0,-25.0,0.0
2232,500.0,4600.0,-25.0,0.0
2233,500.0,4625.0,-25.0,0.0
2234,500.0,4650.0,-25.0,0.0
2235,500.0,4675.0,-25.0,0.0
2236,500.0,4700.0,-25.0,0.0
2237,500.0,4725.0,-25.0,0.0
2238,500.0,4750.0,-25.0,0.0
2239,500.0,4775.0,-25.0,0.0
2240,500.0,4800.0,-25.0,0.0
2241,500.0,4825.0,-25.0,0.0
2242,500.0,4850.0,-25.0,0.0
2243,500.0,4875.0,-25.0,0.0
2244,500.0,4900.0,-25.0,0.0
2245,500.0,4925.0,-25.0,0.0
2246,500.0,4950.0,-25.0,0.0
2247,500.0,4975.0,-25.0,0.0
2248,500.0,5000.0,-25.0,0.0
2249,500.0,5025.0,-25.0,0.0
2250,500.0,5050.0,-25.0,0.0
2251,500.0,5075.0,-25.0,0.0
2252,500.0,5100.0,-25.0,0.0
2253,500.0,5125.0,-25.0,0.0
2254,500.0,5150.0,-25.0,0.0
2255,500.0,5175.0,-25.0,0.0
2256,500.0,5200.0,-25.0,0.0
2257,500.0,5225.0,-25.0,0.0
2258,500.0,5250.0,-25.0,0.0
2259,500.0,5275.0,-25.0,0.0
2260,500.0,5300.0,-25.0,0.0
2261,500.0,5325.0,-25.0,0.0
2262,525.0,3900.0,-25.0,0.0
2263,525.0,3925.0,-25.0,0.0
2264,525.0,3950.0,-25.0,0.0
2265,525.0,3975.0,-25.0,0.0
2266,525.0,4000.0,-25.0,0.0
2267,525.0,4025.0,-25.0,0.0
2268,525.0,4050.0,-25.0,0.0
2269,525.0,4075.0,-25.0,0.0
2270,525.0,4100.0,-25.0,0.0
2271,525.0,4125.0,-25.0,0.0
2272,525.0,4150.0,-25.0,0.0
2273,525.0,4175.0,-25.0,0.0
2274,525.0,4200.0,-25.0,0.0
2275,525.0,4225.0,-25.0,0.0
2276,525.0,4250.0,-25.0,0.0
2277,525.0,4275.0,-25.0,0.0
2278,525.0,4300.0,-25.0,0.0
2279,525.0,4325.0,-25.0,0.0
2280,525.0,4350.0,-25.0,0.0
2281,525.0,4375.0,-25.0,0.0
2282,525.0,4400.0,-25.0,0.0
2283,525.0,4425.0,-25.0,0.0
2284,525.0,4450.0,-25.0,0.0
2285,525.0,4475.0,-25.0,0.0
2286,525.0,4500.0,-25.0,0.0
2287,525.0,4525.0,-25.0,0.0
2288,525.0,4550.0,-25.0,0.0
2289,525.0,4575.0,-25.0,0.0
2290,525.0,4600.0,-25.0,0.0
2291,525.0,4625.0,-25.0,0.0
2292,525.0,4650.0,-25.0,0.0
2293,525.0,4675.0,-25.0,0.0
2294,525.0,4700.0,-25.0,0.0
2295,525.0,4725.0,-25.0,0.0
2296,525.0,4750.0,-25.0,0.0
2297,525.0,4775.0,-25.0,0.0
2298,525.0,4800.0,-25.0,0.0
2299,525.0,4825.0,-25.0,0.0
2300,525.0,4850.0,-25.0,0.0
2301,525.0,4875.0,-25.0,0.0
2302,525.0,4900.0,-25.0,0.0
2303,525.0,4925.0,-25.0,0.0
2304,525.0,4950.0,-25.0,0.0
2305,525.0,4975.0,-25.0,0.0
2306,525.0,5000.0,-25.0,0.0
2307,525.0,5025.0,-25.0,0.0
2308,525.0,5050.0,-25.0,0.0
2309,525.0,5075.0,-25.0,0.0
2310,525.0,5100.0,-25.0,0.0
2311,525.0,5125.0,-25.0,0.0
2312,525.0,5150.0,-25.0,0.0
2313,525.0,5175.0,-25.0,0.0
2314,525.0,5200.0,-25.0,0.0
2315,525.0,5225.0,-25.0,0.0
2316,525.0,5250.0,-25.0,0.0
2317,525.0,5275.0,-25.0,0.0
2318,525.0,5300.0,-25.0,0.0
2319,525.0,5325.0,-25.0,0.0
2320,550.0,3900.0,-25.0,0.0
2321,550.0,3925.0,-25.0,0.0
2322,550.0,3950.0,-25.0,0.0
2323,550.0,3975.0,-25.0,0.0
2324,550.0,4000.0,-25.0,0.0
2325,550.0,4025.0,-25.0,0.0
2326,550.0,4050.0,-25.0,0.0
2327,550.0,4075.0,-25.0,0.0
2328,550.0,4100.0,-25.0,0.0
2329,550.0,4125.0,-25.0,0.0
2330,550.0,4150.0,-25.0,0.0
2331,550.0,4175.0,-25.0,0.0
2332,550.0,4200.0,-25.0,0.0
2333,550.0,4225.0,-25.0,0.0
2334,550.0,4250.0,-25.0,0.0
2335,550.0,4275.0,-25.0,0.0
2336,550.0,4300.0,-25.0,0.0
2337,550.0,4325.0,-25.0,0.0
2338,550.0,4350.0,-25.0,0.0
2339,550.0,4375.0,-25.0,0.0
2340,550.0,4400.0,-25.0,0.0
2341,550.0,4425.0,-25.0,0.0
2342,550.0,4450.0,-25.0,0.0
2343,550.0,4475.0,-25.0,0.0
2344,550.0,4500.0,-25.0,0.0
2345,550.0,4525.0,-25.0,0.0
2346,550.0,4550.0,-25.0,0.0
2347,550.0,4575.0,-25.0,0.0
2348,550.0,4600.0,-25.0,0.0
2349,550.0,4625.0,-25.0,0.0
2350,550.0,4650.0,-25.0,0.0
2351,550.0,4675.0,-25.0,0.0
2352,550.0,4700.0,-25.0,0.0
2353,550.0,4725.0,-25.0,0.0
2354,550.0,4750.0,-25.0,0.0
2355,550.0,4775.0,-25.0,0.0
2356,550.0,4800.0,-25.0,0.0
2357,550.0,4825.0,-25.0,0.0
2358,550.0,4850.0,-25.0,0.0
2359,550.0,4875.0,-25.0,0.0
2360,550.0,4900.0,-25.0,0.0
2361,550.0,4925.0,-25.0,0.0
2362,550.0,4950.0,-25.0,0.0
2363,550.0,4975.0,-25.0,0.0
2364,550.0,5000.0,-25.0,0.0
2365,550.0,5025.0,-25.0,0.0
2366,550.0,5050.0,-25.0,0.0
2367,550.0,5075.0,-25.0,0.0
2368,550.0,5100.0,-25.0,0.0
2369,550.0,5125.0,-25.0,0.0
2370,550.0,5150.0,-25.0,0.0
2371,550.0,5175.0,-25.0,0.0
2372,550.0,5200.0,-25.0,0.0
2373,550.0,5225.0,-25.0,0.0
2374,550.0,5250.0,-25.0,0.0
2375,550.0,5275.0,-25.0,0.0
2376,550.0,5300.0,-25.0,0.0
2377,550.0,5325.0,-25.0,0.0
2378,575.0,3900.0,-25.0,0.0
2379,575.0,3925.0,-25.0,0.0
2380,575.0,3950.0,-25.0,0.0
2381,575.0,3975.0,-25.0,0.0
2382,575.0,4000.0,-25.0,0.0
2383,575.0,4025.0,-25.0,0.0
2384,575.0,4050.0,-25.0,0.0
2385,575.0,4075.0,-25.0,0.0
2386,575.0,4100.0,-25.0,0.0
2387,575.0,4125.0,-25.0,0.0
2388,575.0,4150.0,-25.0,0.0
2389,575.0,4175.0,-25.0,0.0
2390,575.0,4200.0,-25.0,0.0
2391,575.0,4225.0,-25.0,0.0
2392,575.0,4250.0,-25.0,0.0
2393,575.0,4275.0,-25.0,0.0
2394,575.0,4300.0,-25.0,0.0
2395,575.0,4325.0,-25.0,0.0
2396,575.0,4350.0,-25.0,0.0
2397,575.0,4375.0,-25.0,0.0
2398,575.0,4400.0,-25.0,0.0
2399,575.0,4425.0,-25.0,0.0
2400,575.0,4450.0,-25.0,0.0
2401,575.0,4475.0,-25.0,0.0
2402,575.0,4500.0,-25.0,0.0
2403,575.0,4525.0,-25.0,0.0
2404,575.0,4550.0,-25.0,0.0
2405,575.0,4575.0,-25.0,0.0
2406,575.0,4600.0,-25.0,0.0
2407,575.0,4625.0,-25.0,0.0
2408,575.0,4650.0,-25.0,0.0
2409,575.0,4675.0,-25.0,0.0
2410,575.0,4700.0,-25.0,0.0
2411,575.0,4725.0,-25.0,0.0
2412,575.0,4750.0,-25.0,0.0
2413,575.0,4775.0,-25.0,0.0
2414,575.0,4800.0,-25.0,0.0
2415,575.0,4825.0,-25.0,0.0
2416,575.0,4850.0,-25.0,0.0
2417,575.0,4875.0,-25.0,0.0
2418,575.0,4900.0,-25.0,0.0
2419,575.0,4925.0,-25.0,0.0
2420,575.0,4950.0,-25.0,0.0
2421,575.0,4975.0,-25.0,0.0
2422,575.0,5000.0,-25.0,0.0
2423,575.0,5025.0,-25.0,0.0
2424,575.0,5050.0,-25.0,0.0
2425,575.0,5075.0,-25.0,0.0
2426,575.0,5100.0,-25.0,0.0
2427,575.0,5125.0,-25.0,0.0
2428,575.0,5150.0,-25.0,0.0
2429,575.0,5175.0,-25.0,0.0
2430,575.0,5200.0,-25.0,0.0
2431,575.0,5225.0,-25.0,0.0
2432,575.0,5250.0,-25.0,0.0
2433,575.0,5275.0,-25.0,0.0
2434,575.0,5300.0,-25.0,0.0
2435,575.0,5325.0,-25.0,0.0
2436,600.0,3900.0,-25.0,0.0
2437,600.0,3925.0,-25.0,0.0
2438,600.0,3950.0,-25.0,0.0
2439,600.0,3975.0,-25.0,0.0
2440,600.0,4000.0,-25.0,0.0
2441,600.0,4025.0,-25.0,0.0
2442,600.0,4050.0,-25.0,0.0
2443,600.0,4075.0,-25.0,0.0
2444,600.0,4100.0,-25.0,0.0
2445,600.0,4125.0,-25.0,0.0
2446,600.0,4150.0,-25.0,0.0
2447,600.0,4175.0,-25.0,0.0
2448,600.0,4200.0,-25.0,0.0
2449,600.0,4225.0,-25.0,0.0
2450,600.0,4250.0,-25.0,0.0
2451,600.0,4275.0,-25.0,0.0
2452,600.0,4300.0,-25.0,0.0
2453,600.0,4325.0,-25.0,0.0
2454,600.0,4350.0,-25.0,0.0
2455,600.0,4375.0,-25.0,0.0
2456,600.0,4400.0,-25.0,0.0
2457,600.0,4425.0,-25.0,0.0
2458,600.0,4450.0,-25.0,0.0
2459,600.0,4475.0,-25.0,0.0
2460,600.0,4500.0,-25.0,0.0
2461,600.0,4525.0,-25.0,0.0
2462,600.0,4550.0,-25.0,0.0
2463,600.0,4575.0,-25.0,0.0
2464,600.0,4600.0,-25.0,0.0
2465,600.0,4625.0,-25.0,0.0
2466,600.0,4650.0,-25.0,0.0
2467,600.0,4675.0,-25.0,0.0
2468,600.0,4700.0,-25.0,0.0
2469,600.0,4725.0,-25.0,0.0
2470,600.0,4750.0,-25.0,0.0
2471,600.0,4775.0,-25.0,0.0
2472,600.0,4800.0,-25.0,0.0
2473,600.0,4825.0,-25.0,0.0
2474,600.0,4850.0,-25.0,0.0
2475,600.0,4875.0,-25.0,0.0
2476,600.0,4900.0,-25.0,0.0
2477,600.0,4925.0,-25.0,0.0
2478,600.0,4950.0,-25.0,0.0
2479,600.0,4975.0,-25.0,0.0
2480,600.0,5000.0,-25.0,0.0
2481,600.0,5025.0,-25.0,0.0
2482,600.0,5050.0,-25.0,0.0
2483,600.0,5075.0,-25.0,0.0
2484,600.0,5100.0,-25.0,0.0
2485,600.0,5125.0,-25.0,0.0
2486,600.0,5150.0,-25.0,0.0
2487,600.0,5175.0,-25.0,0.0
2488,600.0,5200.0,-25.0,0.0
2489,600.0,5225.0,-25.0,0.0
2490,600.0,5250.0,-25.0,0.0
2491,600.0,5275.0,-25.0,0.0
2492,600.0,5300.0,-25.0,0.0
2493,600.0,5325.0,-25.0,0.0
2494,625.0,3900.0,-25.0,0.0
2495,625.0,3925.0,-25.0,0.0
2496,625.0,3950.0,-25.0,0.0
2497,625.0,3975.0,-25.0,0.0
2498,625.0,4000.0,-25.0,0.0
2499,625.0,4025.0,-25.0,0.0
2500,625.0,4050.0,-25.0,0.0
2501,625.0,4075.0,-25.0,0.0
2502,625.0,4100.0,-25.0,0.0
2503,625.0,4125.0,-25.0,0.0
2504,625.0,4150.0,-25.0,0.0
2505,625.0,4175.0,-25.0,0.0
2506,625.0,4200.0,-25.0,0.0
2507,625.0,4225.0,-25.0,0.0
2508,625.0,4250.0,-25.0,0.0
2509,625.0,4275.0,-25.0,0.0
2510,625.0,4300.0,-25.0,0.0
2511,625.0,4325.0,-25.0,0.0
2512,625.0,4350.0,-25.0,0.0
2513,625.0,4375.0,-25.0,0.0
2514,625.0,4400.0,-25.0,0.0
2515,625.0,4425.0,-25.0,0.0
2516,625.0,4450.0,-25.0,0.0
2517,625.0,4475.0,-25.0,0.0
2518,625.0,4500.0,-25.0,0.0
2519,625.0,4525.0,-25.0,0.0
2520,625.0,4550.0,-25.0,0.0
2521,625.0,4575.0,-25.0,0.0
2522,625.0,4600.0,-25.0,0.0
2523,625.0,4625.0,-25.0,0.0
2524,625.0,4650.0,-25.0,0.0
2525,625.0,4675.0,-25.0,0.0
2526,625.0,4700.0,-25.0,0.0
2527,625.0,4725.0,-25.0,0.0
2528,625.0,4750.0,-25.0,0.0
2529,625.0,4775.0,-25.0,0.0
2530,625.0,4800.0,-25.0,0.0
2531,625.0,4825.0,-25.0,0.0
2532,625.0,4850.0,-25.0,0.0
2533,625.0,4875.0,-25.0,0.0
2534,625.0,4900.0,-25.0,0.0
2535,625.0,4925.0,-25.0,0.0
2536,625.0,4950.0,-25.0,0.0
2537,625.0,4975.0,-25.0,0.0
2538,625.0,5000.0,-25.0,0.0
2539,625.0,5025.0,-25.0,0.0
2540,625.0,5050.0,-25.0,0.0
2541,625.0,5075.0,-25.0,0.0
2542,625.0,5100.0,-25.0,0.0
2543,625.0,5125.0,-25.0,0.0
2544,625.0,5150.0,-25.0,0.0
2545,625.0,5175.0,-25.0,0.0
2546,625.0,5200.0,-25.0,0.0
2547,625.0,5225.0,-25.0,0.0
2548,625.0,5250.0,-25.0,0.0
2549,625.0,5275.0,-25.0,0.0
2550,625.0,5300.0,-25.0,0.0
2551,625.0,5325.0,-25.0,0.0
2552,650.0,3900.0,-25.0,0.0
2553,650.0,3925.0,-25.0,0.0
2554,650.0,3950.0,-25.0,0.0
2555,650.0,3975.0,-25.0,0.0
2556,650.0,4000.0,-25.0,0.0
2557,650.0,4025.0,-25.0,0.0
2558,650.0,4050.0,-25.0,0.0
2559,650.0,4075.0,-25.0,0.0
2560,650.0,4100.0,-25.0,0.0
2561,650.0,4125.0,-25.0,0.0
2562,650.0,4150.0,-25.0,0.0
2563,650.0,4175.0,-25.0,0.0
2564,650.0,4200.0,-25.0,0.0
2565,650.0,4225.0,-25.0,0.0
2566,650.0,4250.0,-25.0,0.0
2567,650.0,4275.0,-25.0,0.0
2568,650.0,4300.0,-25.0,0.0
2569,650.0,4325.0,-25.0,0.0
2570,650.0,4350.0,-25.0,0.0
2571,650.0,4375.0,-25.0,0.0
2572,650.0,4400.0,-25.0,0.0
2573,650.0,4425.0,-25.0,0.0
2574,650.0,4450.0,-25.0,0.0
2575,650.0,4475.0,-25.0,0.0
2576,650.0,4500.0,-25.0,0.0
2577,650.0,4525.0,-25.0,0.0
2578,650.0,4550.0,-25.0,0.0
2579,650.0,4575.0,-25.0,0.0
2580,650.0,4600.0,-25.0,0.0
2581,650.0,4625.0,-25.0,0.0
2582,650.0,4650.0,-25.0,0.0
2583,650.0,4675.0,-25.0,0.0
2584,650.0,4700.0,-25.0,0.0
2585,650.0,4725.0,-25.0,0.0
2586,650.0,4750.0,-25.0,0.0
2587,650.0,4775.0,-25.0,0.0
2588,650.0,4800.0,-25.0,0.0
2589,650.0,4825.0,-25.0,0.0
2590,650.0,4850.0,-25.0,0.0
2591,650.0,4875.0,-25.0,0.0
2592,650.0,4900.0,-25.0,0.0
2593,650.0,4925.0,-25.0,0.0
2594,650.0,4950.0,-25.0,0.0
2595,650.0,4975.0,-25.0,0.0
2596,650.0,5000.0,-25.0,0.0
2597,650.0,5025.0,-25.0,0.0
2598,650.0,5050.0,-25.0,0.0
2599,650.0,5075.0,-25.0,0.0
2600,650.0,5100.0,-25.0,0.0
2601,650.0,5125.0,-25.0,0.0
2602,650.0,5150.0,-25.0,0.0
2603,650.0,5175.0,-25.0,0.0
2604,650.0,5200.0,-25.0,0.0
2605,650.0,5225.0,-25.0,0.0
2606,650.0,5250.0,-25.0,0.0
2607,650.0,5275.0,-25.0,0.0
2608,650.0,5300.0,-25.0,0.0
2609,650.0,5325.0,-25.0,0.0
2610,675.0,3900.0,-25.0,0.0
2611,675.0,3925.0,-25.0,0.0
2612,675.0,3950.0,-25.0,0.0
2613,675.0,3975.0,-25.0,0.0
2614,675.0,4000.0,-25.0,0.0
2615,675.0,4025.0,-25.0,0.0
2616,675.0,4050.0,-25.0,0.0
2617,675.0,4075.0,-25.0,0.0
2618,675.0,4100.0,-25.0,0.0
2619,675.0,4125.0,-25.0,0.0
2620,675.0,4150.0,-25.0,0.0
2621,675.0,4175.0,-25.0,0.0
2622,675.0,4200.0,-25.0,0.0
2623,675.0,4225.0,-25.0,0.0
2624,675.0,4250.0,-25.0,0.0
2625,675.0,4275.0,-25.0,0.0
2626,675.0,4300.0,-25.0,0.0
2627,675.0,4325.0,-25.0,0.0
2628,675.0,4350.0,-25.0,0.0
2629,675.0,4375.0,-25.0,0.0
2630,675.0,4400.0,-25.0,0.0
2631,675.0,4425.0,-25.0,0.0
2632,675.0,4450.0,-25.0,0.0
2633,675.0,4475.0,-25.0,0.0
2634,675.0,4500.0,-25.0,0.0
2635,675.0,4525.0,-25.0,0.0
2636,675.0,4550.0,-25.0,0.0
2637,675.0,4575.0,-25.0,0.0
2638,675.0,4600.0,-25.0,0.0
2639,675.0,4625.0,-25.0,0.0
2640,675.0,4650.0,-25.0,0.0
2641,675.0,4675.0,-25.0,0.0
2642,675.0,4700.0,-25.0,0.0
2643,675.0,4725.0,-25.0,0.0
2644,675.0,4750.0,-25.0,0.0
2645,675.0,4775.0,-25.0,0.0
2646,675.0,4800.0,-25.0,0.0
2647,675.0,4825.0,-25.0,0.0
2648,675.0,4850.0,-25.0,0.0
2649,675.0,4875.0,-25.0,0.0
2650,675.0,4900.0,-25.0,0.0
2651,675.0,4925.0,-25.0,0.0
2652,675.0,4950.0,-25.0,0.0
2653,675.0,4975.0,-25.0,0.0
2654,675.0,5000.0,-25.0,0.0
2655,675.0,5025.0,-25.0,0.0
2656,675.0,5050.0,-25.0,0.0
2657,675.0,5075.0,-25.0,0.0
2658,675.0,5100.0,-25.0,0.0
2659,675.0,5125.0,-25.0,0.0
2660,675.0,5150.0,-25.0,0.0
2661,675.0,5175.0,-25.0,0.0
2662,675.0,5200.0,-25.0,0.0
2663,675.0,5225.0,-25.0,0.0
2664,675.0,5250.0,-25.0,0.0
2665,675.0,5275.0,-25.0,0.0
2666,675.0,5300.0,-25.0,0.0
2667,675.0,5325.0,-25.0,0.0
2668,700.0,3900.0,-25.0,0.0
2669,700.0,3925.0,-25.0,0.0
2670,700.0,3950.0,-25.0,0.0
2671,700.0,3975.0,-25.0,0.0
2672,700.0,4000.0,-25.0,0.0
2673,700.0,4025.0,-25.0,0.0
2674,700.0,4050.0,-25.0,0.0
2675,700.0,4075.0,-25.0,0.0
2676,700.0,4100.0,-25.0,0.0
2677,700.0,4125.0,-25.0,0.0
2678,700.0,4150.0,-25.0,0.0
2679,700.0,4175.0,-25.0,0.0
2680,700.0,4200.0,-25.0,0.0
2681,700.0,4225.0,-25.0,0.0
2682,700.0,4250.0,-25.0,0.0
2683,700.0,4275.0,-25.0,0.0
2684,700.0,4300.0,-25.0,0.0
2685,700.0,4325.0,-25.0,0.0
2686,700.0,4350.0,-25.0,0.0
2687,700.0,4375.0,-25.0,0.0
2688,700.0,4400.0,-25.0,0.0
2689,700.0,4425.0,-25.0,0.0
2690,700.0,4450.0,-25.0,0.0
2691,700.0,4475.0,-25.0,0.0
2692,700.0,4500.0,-25.0,0.0
2693,700.0,4525.0,-25.0,0.0
2694,700.0,4550.0,-25.0,0.0
2695,700.0,4575.0,-25.0,0.0
2696,700.0,4600.0,-25.0,0.0
2697,700.0,4625.0,-25.0,0.0
2698,700.0,4650.0,-25.0,0.0
2699,700.0,4675.0,-25.0,0.0
2700,700.0,4700.0,-25.0,0.0
2701,700.0,4725.0,-25.0,0.0
2702,700.0,4750.0,-25.0,0.0
2703,700.0,4775.0,-25.0,0.0
2704,700.0,4800.0,-25.0,0.0
2705,700.0,4825.0,-25.0,0.0
2706,700.0,4850.0,-25.0,0.0
2707,700.0,4875.0,-25.0,0.0
2708,700.0,4900.0,-25.0,0.0
2709,700.0,4925.0,-25.0,0.0
2710,700.0,4950.0,-25.0,0.0
2711,700.0,4975.0,-25.0,0.0
2712,700.0,5000.0,-25.0,0.0
2713,700.0,5025.0,-25.0,0.0
2714,700.0,5050.0,-25.0,0.0
2715,700.0,5075.0,-25.0,0.0
2716,700.0,5100.0,-25.0,0.0
2717,700.0,5125.0,-25.0,0.0
2718,700.0,5150.0,-25.0,0.0
2719,700.0,5175.0,-25.0,0.0
2720,700.0,5200.0,-25.0,0.0
2721,700.0,5225.0,-25.0,0.0
2722,700.0,5250.0,-25.0,0.0
2723,700.0,5275.0,-25.0,0.0
2724,700.0,5300.0,-25.0,0.0
2725,700.0,5325.0,-25.0,0.0
2726,725.0,3900.0,-25.0,0.0
2727,725.0,3925.0,-25.0,0.0
2728,725.0,3950.0,-25.0,0.0
2729,725.0,3975.0,-25.0,0.0
2730,725.0,4000.0,-25.0,0.0
2731,725.0,4025.0,-25.0,0.0
2732,725.0,4050.0,-25.0,0.0
2733,725.0,4075.0,-25.0,0.0
2734,725.0,4100.0,-25.0,0.0
2735,725.0,4125.0,-25.0,0.0
2736,725.0,4150.0,-25.0,0.0
2737,725.0,4175.0,-25.0,0.0
2738,725.0,4200.0,-25.0,0.0
2739,725.0,4225.0,-25.0,0.0
2740,725.0,4250.0,-25.0,0.0
2741,725.0,4275.0,-25.0,0.0
2742,725.0,4300.0,-25.0,0.0
2743,725.0,4325.0,-25.0,0.0
2744,725.0,4350.0,-25.0,0.0
2745,725.0,4375.0,-25.0,0.0
2746,725.0,4400.0,-25.0,0.0
2747,725.0,4425.0,-25.0,0.0
2748,725.0,4450.0,-25.0,0.0
2749,725.0,4475.0,-25.0,0.0
2750,725.0,4500.0,-25.0,0.0
2751,725.0,4525.0,-25.0,0.0
2752,725.0,4550.0,-25.0,0.0
2753,725.0,4575.0,-25.0,0.0
2754,725.0,4600.0,-25.0,0.0
2755,725.0,4625.0,-25.0,0.0
2756,725.0,4650.0,-25.0,0.0
2757,725.0,4675.0,-25.0,0.0
2758,725.0,4700.0,-25.0,0.0
2759,725.0,4725.0,-25.0,0.0
2760,725.0,4750.0,-25.0,0.0
2761,725.0,4775.0,-25.0,0.0
2762,725.0,4800.0,-25.0,0.0
2763,725.0,4825.0,-25.0,0.0
2764,725.0,4850.0,-25.0,0.0
2765,725.0,4875.0,-25.0,0.0
2766,725.0,4900.0,-25.0,0.0
2767,725.0,4925.0,-25.0,0.0
2768,725.0,4950.0,-25.0,0.0
2769,725.0,4975.0,-25.0,0.0
2770,725.0,5000.0,-25.0,0.0
2771,725.0,5025.0,-25.0,0.0
2772,725.0,5050.0,-25.0,0.0
2773,725.0,5075.0,-25.0,0.0
2774,725.0,5100.0,-25.0,0.0
2775,725.0,5125.0,-25.0,0.0
2776,725.0,5150.0,-25.0,0.0
2777,725.0,5175.0,-25.0,0.0
2778,725.0,5200.0,-25.0,0.0
2779,725.0,5225.0,-25.0,0.0
2780,725.0,5250.0,-25.0,0.0
2781,725.0,5275.0,-25.0,0.0
2782,725.0,5300.0,-25.0,0.0
2783,725.0,5325.0,-25.0,0.0
2784,750.0,3900.0,-25.0,0.0
2785,750.0,3925.0,-25.0,0.0
2786,750.0,3950.0,-25.0,0.0
2787,750.0,3975.0,-25.0,0.0
2788,750.0,4000.0,-25.0,0.0
2789,750.0,4025.0,-25.0,0.0
2790,750.0,4050.0,-25.0,0.0
2791,750.0,4075.0,-25.0,0.0
2792,750.0,4100.0,-25.0,0.0
2793,750.0,4125.0,-25.0,0.0
2794,750.0,4150.0,-25.0,0.0
2795,750.0,4175.0,-25.0,0.0
2796,750.0,4200.0,-25.0,0.0
2797,750.0,4225.0,-25.0,0.0
2798,750.0,4250.0,-25.0,0.0
2799,750.0,4275.0,-25.0,0.0
2800,750.0,4300.0,-25.0,0.0
2801,750.0,4325.0,-25.0,0.0
2802,750.0,4350.0,-25.0,0.0
2803,750.0,4375.0,-25.0,0.0
2804,750.0,4400.0,-25.0,0.0
2805,750.0,4425.0,-25.0,0.0
2806,750.0,4450.0,-25.0,0.0
2807,750.0,4475.0,-25.0,0.0
2808,750.0,4500.0,-25.0,0.0
2809,750.0,4525.0,-25.0,0.0
2810,750.0,4550.0,-25.0,0.0
2811,750.0,4575.0,-25.0,0.0
2812,750.0,4600.0,-25.0,0.0
2813,750.0,4625.0,-25.0,0.0
2814,750.0,4650.0,-25.0,0.0
2815,750.0,4675.0,-25.0,0.0
2816,750.0,4700.0,-25.0,0.0
2817,750.0,4725.0,-25.0,0.0
2818,750.0,4750.0,-25.0,0.0
2819,750.0,4775.0,-25.0,0.0
2820,750.0,4800.0,-25.0,0.0
2821,750.0,4825.0,-25.0,0.0
2822,750.0,4850.0,-25.0,0.0
2823,750.0,4875.0,-25.0,0.0
2824,750.0,4900.0,-25.0,0.0
2825,750.0,4925.0,-25.0,0.0
2826,750.0,4950.0,-25.0,0.0
2827,750.0,4975.0,-25.0,0.0
2828,750.0,5000.0,-25.0,0.0
2829,750.0,5025.0,-25.0,0.0
2830,750.0,5050.0,-25.0,0.0
2831,750.0,5075.0,-25.0,0.0
2832,750.0,5100.0,-25.0,0.0
2833,750.0,5125.0,-25.0,0.0
2834,750.0,5150.0,-25.0,0.0
2835,750.0,5175.0,-25.0,0.0
2836,750.0,5200.0,-25.0,0.0
2837,750.0,5225.0,-25.0,0.0
2838,750.0,5250.0,-25.0,0.0
2839,750.0,5275.0,-25.0,0.0
2840,750.0,5300.0,-25.0,0.0
2841,750.0,5325.0,-25.0,0.0
2842,775.0,3900.0,-25.0,0.0
2843,775.0,3925.0,-25.0,0.0
2844,775.0,3950.0,-25.0,0.0
2845,775.0,3975.0,-25.0,0.0
2846,775.0,4000.0,-25.0,0.0
2847,775.0,4025.0,-25.0,0.0
2848,775.0,4050.0,-25.0,0.0
2849,775.0,4075.0,-25.0,0.0
2850,775.0,4100.0,-25.0,0.0
2851,775.0,4125.0,-25.0,0.0
2852,775.0,4150.0,-25.0,0.0
2853,775.0,4175.0,-25.0,0.0
2854,775.0,4200.0,-25.0,0.0
2855,775.0,4225.0,-25.0,0.0
2856,775.0,4250.0,-25.0,0.0
2857,775.0,4275.0,-25.0,0.0
2858,775.0,4300.0,-25.0,0.0
2859,775.0,4325.0,-25.0,0.0
2860,775.0,4350.0,-25.0,0.0
2861,775.0,4375.0,-25.0,0.0
2862,775.0,4400.0,-25.0,0.0
2863,775.0,4425.0,-25.0,0.0
2864,775.0,4450.0,-25.0,0.0
2865,775.0,4475.0,-25.0,0.0
2866,775.0,4500.0,-25.0,0.0
2867,775.0,4525.0,-25.0,0.0
2868,775.0,4550.0,-25.0,0.0
2869,775.0,4575.0,-25.0,0.0
2870,775.0,4600.0,-25.0,0.0
2871,775.0,4625.0,-25.0,0.0
2872,775.0,4650.0,-25.0,0.0
2873,775.0,4675.0,-25.0,0.0
2874,775.0,4700.0,-25.0,0.0
2875,775.0,4725.0,-25.0,0.0
2876,775.0,4750.0,-25.0,0.0
2877,775.0,4775.0,-25.0,0.0
2878,775.0,4800.0,-25.0,0.0
2879,775.0,4825.0,-25.0,0.0
2880,775.0,4850.0,-25.0,0.0
2881,775.0,4875.0,-25.0,0.0
2882,775.0,4900.0,-25.0,0.0
2883,775.0,4925.0,-25.0,0.0
2884,775.0,4950.0,-25.0,0.0
2885,775.0,4975.0,-25.0,0.0
2886,775.0,5000.0,-25.0,0.0
2887,775.0,5025.0,-25.0,0.0
2888,775.0,5050.0,-25.0,0.0
2889,775.0,5075.0,-25.0,0.0
2890,775.0,5100.0,-25.0,0.0
2891,775.0,5125.0,-25.0,0.0
2892,775.0,5150.0,-25.0,0.0
2893,775.0,5175.0,-25.0,0.0
2894,775.0,5200.0,-25.0,0.0
2895,775.0,5225.0,-25.0,0.0
2896,775.0,5250.0,-25.0,0.0
2897,775.0,5275.0,-25.0,0.0
2898,775.0,5300.0,-25.0,0.0
2899,775.0,5325.0,-25.0,0.0
2900,800.0,3900.0,-25.0,0.0
2901,800.0,3925.0,-25.0,0.0
2902,800.0,3950.0,-25.0,0.0
2903,800.0,3975.0,-25.0,0.0
2904,800.0,4000.0,-25.0,0.0
2905,800.0,4025.0,-25.0,0.0
2906,800.0,4050.0,-25.0,0.0
2907,800.0,4075.0,-25.0,0.0
2908,800.0,4100.0,-25.0,0.0
2909,800.0,4125.0,-25.0,0.0
2910,800.0,4150.0,-25.0,0.0
2911,800.0,4175.0,-25.0,0.0
2912,800.0,4200.0,-25.0,0.0
2913,800.0,4225.0,-25.0,0.0
2914,800.0,4250.0,-25.0,0.0
2915,800.0,4275.0,-25.0,0.0
2916,800.0,4300.0,-25.0,0.0
2917,800.0,4325.0,-25.0,0.0
2918,800.0,4350.0,-25.0,0.0
2919,800.0,4375.0,-25.0,0.0
2920,800.0,4400.0,-25.0,0.0
2921,800.0,4425.0,-25.0,0.0
2922,800.0,4450.0,-25.0,0.0
2923,800.0,4475.0,-25.0,0.0
2924,800.0,4500.0,-25.0,0.0
2925,800.0,4525.0,-25.0,0.0
2926,800.0,4550.0,-25.0,0.0
2927,800.0,4575.0,-25.0,0.0
2928,800.0,4600.0,-25.0,0.0
2929,800.0,4625.0,-25.0,0.0
2930,800.0,4650.0,-25.0,0.0
2931,800.0,4675.0,-25.0,0.0
2932,800.0,4700.0,-25.0,0.0
2933,800.0,4725.0,-25.0,0.0
2934,800.0,4750.0,-25.0,0.0
2935,800.0,4775.0,-25.0,0.0
2936,800.0,4800.0,-25.0,0.0
2937,800.0,4825.0,-25.0,0.0
2938,800.0,4850.0,-25.0,0.0
2939,800.0,4875.0,-25.0,0.0
2940,800.0,4900.0,-25.0,0.0
2941,800.0,4925.0,-25.0,0.0
2942,800.0,4950.0,-25.0,0.0
2943,800.0,4975.0,-25.0,0.0
2944,800.0,5000.0,-25.0,0.0
2945,800.0,5025.0,-25.0,0.0
2946,800.0,5050.0,-25.0,0.0
2947,800.0,5075.0,-25.0,0.0
2948,800.0,5100.0,-25.0,0.0
2949,800.0,5125.0,-25.0,0.0
2950,800.0,5150.0,-25.0,0.0
2951,800.0,5175.0,-25.0,0.0
2952,800.0,5200.0,-25.0,0.0
2953,800.0,5225.0,-25.0,0.0
2954,800.0,5250.0,-25.0,0.0
2955,800.0,5275.0,-25.0,0.0
2956,800.0,5300.0,-25.0,0.0
2957,800.0,5325.0,-25.0,0.0
2958,825.0,3900.0,-25.0,0.0
2959,825.0,3925.0,-25.0,0.0
2960,825.0,3950.0,-25.0,0.0
2961,825.0,3975.0,-25.0,0.0
2962,825.0,4000.0,-25.0,0.0
2963,825.0,4025.0,-25.0,0.0
2964,825.0,4050.0,-25.0,0.0
2965,825.0,4075.0,-25.0,0.0
2966,825.0,4100.0,-25.0,0.0
2967,825.0,4125.0,-25.0,0.0
2968,825.0,4150.0,-25.0,0.0
2969,825.0,4175.0,-25.0,0.0
2970,825.0,4200.0,-25.0,0.0
2971,825.0,4225.0,-25.0,0.0
2972,825.0,4250.0,-25.0,0.0
2973,825.0,4275.0,-25.0,0.0
2974,825.0,4300.0,-25.0,0.0
2975,825.0,4325.0,-25.0,0.0
2976,825.0,4350.0,-25.0,0.0
2977,825.0,4375.0,-25.0,0.0
2978,825.0,4400.0,-25.0,0.0
2979,825.0,4425.0,-25.0,0.0
2980,825.0,4450.0,-25.0,0.0
2981,825.0,4475.0,-25.0,0.0
2982,825.0,4500.0,-25.0,0.0
2983,825.0,4525.0,-25.0,0.0
2984,825.0,4550.0,-25.0,0.0
2985,825.0,4575.0,-25.0,0.0
2986,825.0,4600.0,-25.0,0.0
2987,825.0,4625.0,-25.0,0.0
2988,825.0,4650.0,-25.0,0.0
2989,825.0,4675.0,-25.0,0.0
2990,825.0,4700.0,-25.0,0.0
2991,825.0,4725.0,-25.0,0.0
2992,825.0,4750.0,-25.0,0.0
2993,825.0,4775.0,-25.0,0.0
2994,825.0,4800.0,-25.0,0.0
2995,825.0,4825.0,-25.0,0.0
2996,825.0,4850.0,-25.0,0.0
2997,825.0,4875.0,-25.0,0.0
2998,825.0,4900.0,-25.0,0.0
2999,825.0,4925.0,-25.0,0.0
3000,825.0,4950.0,-25.0,0.0
3001,825.0,4975.0,-25.0,0.0
3002,825.0,5000.0,-25.0,0.0
3003,825.0,5025.0,-25.0,0.0
3004,825.0,5050.0,-25.0,0.0
3005,825.0,5075.0,-25.0,0.0
3006,825.0,5100.0,-25.0,0.0
3007,825.0,5125.0,-25.0,0.0
3008,825.0,5150.0,-25.0,0.0
3009,825.0,5175.0,-25.0,0.0
3010,825.0,5200.0,-25.0,0.0
3011,825.0,5225.0,-25.0,0.0
3012,825.0,5250.0,-25.0,0.0
3013,825.0,5275.0,-25.0,0.0
3014,825.0,5300.0,-25.0,0.0
3015,825.0,5325.0,-25.0,0.0
3016,850.0,3900.0,-25.0,0.0
3017,850.0,3925.0,-25.0,0.0
3018,850.0,3950.0,-25.0,0.0
3019,850.0,3975.0,-25.0,0.0
3020,850.0,4000.0,-25.0,0.0
3021,850.0,4025.0,-25.0,0.0
3022,850.0,4050.0,-25.0,0.0
3023,850.0,4075.0,-25.0,0.0
3024,850.0,4100.0,-25.0,0.0
3025,850.0,4125.0,-25.0,0.0
3026,850.0,4150.0,-25.0,0.0
3027,850.0,4175.0,-25.0,0.0
3028,850.0,4200.0,-25.0,0.0
3029,850.0,4225.0,-25.0,0.0
3030,850.0,4250.0,-25.0,0.0
3031,850.0,4275.0,-25.0,0.0
3032,850.0,4300.0,-25.0,0.0
3033,850.0,4325.0,-25.0,0.0
3034,850.0,4350.0,-25.0,0.0
3035,850.0,4375.0,-25.0,0.0
3036,850.0,4400.0,-25.0,0.0
3037,850.0,4425.0,-25.0,0.0
3038,850.0,4450.0,-25.0,0.0
3039,850.0,4475.0,-25.0,0.0
3040,850.0,4500.0,-25.0,0.0
3041,850.0,4525.0,-25.0,0.0
3042,850.0,4550.0,-25.0,0.0
3043,850.0,4575.0,-25.0,0.0
3044,850.0,4600.0,-25.0,0.0
3045,850.0,4625.0,-25.0,0.0
3046,850.0,4650.0,-25.0,0.0
3047,850.0,4675.0,-25.0,0.0
3048,850.0,4700.0,-25.0,0.0
3049,850.0,4725.0,-25.0,0.0
3050,850.0,4750.0,-25.0,0.0
3051,850.0,4775.0,-25.0,0.0
3052,850.0,4800.0,-25.0,0.0
3053,850.0,4825.0,-25.0,0.0
3054,850.0,4850.0,-25.0,0.0
3055,850.0,4875.0,-25.0,0.0
3056,850.0,4900.0,-25.0,0.0
3057,850.0,4925.0,-25.0,0.0
3058,850.0,4950.0,-25.0,0.0
3059,850.0,4975.0,-25.0,0.0
3060,850.0,5000.0,-25.0,0.0
3061,850.0,5025.0,-25.0,0.0
3062,850.0,5050.0,-25.0,0.0
3063,850.0,5075.0,-25.0,0.0
3064,850.0,5100.0,-25.0,0.0
3065,850.0,5125.0,-25.0,0.0
3066,850.0,5150.0,-25.0,0.0
3067,850.0,5175.0,-25.0,0.0
3068,850.0,5200.0,-25.0,0.0
3069,850.0,5225.0,-25.0,0.0
3070,850.0,5250.0,-25.0,0.0
3071,850.0,5275.0,-25.0,0.0
3072,850.0,5300.0,-25.0,0.0
3073,850.0,5325.0,-25.0,0.0
3074,875.0,3900.0,-25.0,0.0
3075,875.0,3925.0,-25.0,0.0
3076,875.0,3950.0,-25.0,0.0
3077,875.0,3975.0,-25.0,0.0
3078,875.0,4000.0,-25.0,0.0
3079,875.0,4025.0,-25.0,0.0
3080,875.0,4050.0,-25.0,0.0
3081,875.0,4075.0,-25.0,0.0
3082,875.0,4100.0,-25.0,0.0
3083,875.0,4125.0,-25.0,0.0
3084,875.0,4150.0,-25.0,0.0
3085,875.0,4175.0,-25.0,0.0
3086,875.0,4200.0,-25.0,0.0
3087,875.0,4225.0,-25.0,0.0
3088,875.0,4250.0,-25.0,0.0
3089,875.0,4275.0,-25.0,0.0
3090,875.0,4300.0,-25.0,0.0
3091,875.0,4325.0,-25.0,0.0
3092,875.0,4350.0,-25.0,0.0
3093,875.0,4375.0,-25.0,0.0
3094,875.0,4400.0,-25.0,0.0
3095,875.0,4425.0,-25.0,0.0
3096,875.0,4450.0,-25.0,0.0
3097,875.0,4475.0,-25.0,0.0
3098,875.0,4500.0,-25.0,0.0
3099,875.0,4525.0,-25.0,0.0
3100,875.0,4550.0,-25.0,0.0
3101,875.0,4575.0,-25.0,0.0
3102,875.0,4600.0,-25.0,0.0
3103,875.0,4625.0,-25.0,0.0
3104,875.0,4650.0,-25.0,0.0
3105,875.0,4675.0,-25.0,0.0
3106,875.0,4700.0,-25.0,0.0
3107,875.0,4725.0,-25.0,0.0
3108,875.0,4750.0,-25.0,0.0
3109,875.0,4775.0,-25.0,0.0
3110,875.0,4800.0,-25.0,0.0
3111,875.0,4825.0,-25.0,0.0
3112,875.0,4850.0,-25.0,0.0
3113,875.0,4875.0,-25.0,0.0
3114,875.0,4900.0,-25.0,0.0
3115,875.0,4925.0,-25.0,0.0
3116,875.0,4950.0,-25.0,0.0
3117,875.0,4975.0,-25.0,0.0
3118,875.0,5000.0,-25.0,0.0
3119,875.0,5025.0,-25.0,0.0
3120,875.0,5050.0,-25.0,0.0
3121,875.0,5075.0,-25.0,0.0
3122,875.0,5100.0,-25.0,0.0
3123,875.0,5125.0,-25.0,0.0
3124,875.0,5150.0,-25.0,0.0
3125,875.0,5175.0,-25.0,0.0
3126,875.0,5200.0,-25.0,0.0
3127,875.0,5225.0,-25.0,0.0
3128,875.0,5250.0,-25.0,0.0
3129,875.0,5275.0,-25.0,0.0
3130,875.0,5300.0,-25.0,0.0
3131,875.0,5325.0,-25.0,0.0
